TrendingID,TrendingDate,PeakRank,AppearancesOnChart,ConsecutiveAppearancesOnChart
1,2024-01-25,1,6,4
2,2024-02-01,1,6,5
3,2024-02-08,1,6,3
4,2024-02-15,1,6,4
5,2024-02-22,1,6,10
6,2024-02-29,1,6,6
7,,2,3,3
8,,3,3,3
9,,2,56,50
10,,1,24,24
11,,1,12,12
12,,7,16,16
13,,3,21,21
14,,6,21,21
15,,3,23,23
16,,11,2,2
17,,8,7,7
18,,13,5,5
19,,9,12,12
20,,3,16,16
21,,16,7,7
22,,17,1,1
23,,15,86,86
24,,8,14,14
25,,20,3,3
26,,15,2,2
27,,12,39,39
28,,6,16,16
29,,24,9,9
30,,4,20,20
31,,1,33,33
32,,1,7,7
33,,28,71,33
34,,5,29,29
35,,1,59,59
36,,4,26,26
37,,1,35,35
38,,1,178,92
39,,27,62,60
40,,20,27,27
41,,12,23,23
42,,1,30,30
43,,30,159,61
44,,39,61,9
45,,5,24,11
46,,1,17,17
47,,11,7,7
48,,21,3,3
49,,28,2,2
50,,25,7,7
51,,5,46,46
52,,10,12,12
53,,1,100,100
54,,3,33,33
55,,13,9,9
56,,41,7,7
57,,34,13,13
58,,51,5,5
59,,16,26,26
60,,55,1,1
61,,2,56,40
62,,38,78,9
63,,36,167,165
64,,11,18,18
65,,1,64,64
66,,1,222,222
67,,28,20,12
68,,37,16,2
69,,4,268,61
70,,12,7,7
71,,1,71,71
72,,12,107,98
73,,17,24,24
74,,68,4,4
75,,12,183,30
76,,57,7,7
77,,5,40,40
78,,15,49,49
79,,14,31,31
80,,19,183,183
81,,15,151,151
82,,77,2,2
83,,17,28,28
84,,16,23,23
85,,76,34,27
86,,26,15,15
87,,58,7,7
88,,83,7,7
89,,78,13,9
90,,1,273,47
91,,39,90,37
92,,34,15,15
93,,1,62,50
94,,89,1,1
95,,69,41,33
96,,91,28,9
97,,77,116,9
98,,1,23,23
99,,2,79,79
100,,7,91,91
101,,92,83,61
102,,17,3,3
103,,1,18,18
104,,22,34,9
105,,81,85,33
106,,57,79,79
107,,11,125,9
108,,93,31,9
109,,53,41,41
110,,16,53,47
111,,106,2,2
112,,86,150,61
113,,11,29,29
114,,92,6,6
115,,61,63,9
116,,21,94,13
117,,112,4,4
118,,82,60,9
119,,59,52,9
120,,17,78,78
121,,91,75,9
122,,89,19,9
123,,15,16,9
124,,31,127,127
125,,1,35,35
126,,71,80,50
127,,3,22,22
128,,123,2,2
129,,17,58,9
130,,9,37,37
131,,69,10,10
132,,57,60,9
133,,111,66,9
134,,24,306,306
135,,76,136,111
136,,100,36,24
137,,80,71,51
138,,14,54,9
139,,134,1,1
140,,60,9,9
141,,4,87,87
142,,2,163,13
143,,5,21,21
144,,1,46,46
145,,7,34,34
146,,2,65,65
147,,142,1,1
148,,99,13,11
149,,83,81,61
150,,24,72,72
151,,121,23,9
152,,21,35,35
153,,95,116,9
154,,11,55,9
155,,16,365,9
156,,9,36,36
157,,9,79,79
158,,55,21,21
159,,47,30,30
160,,1,137,9
161,,8,48,48
162,,4,361,9
163,,158,2,2
164,,104,23,6
165,,22,26,3
166,,1,162,9
167,,43,112,9
168,,1,20,20
169,,159,4,2
170,,2,45,1
171,,12,151,14
172,,52,97,9
173,,108,70,1
174,,98,126,9
175,,4,127,2
176,,171,9,1
177,,134,29,2
178,,59,16,16
179,,33,51,9
180,,10,61,9
181,,176,2,2
182,,54,20,1
183,,171,4,2
184,,57,17,2
185,,13,236,8
186,,86,48,8
187,,7,295,7
188,,65,39,9
189,,83,28,2
190,,185,1,1
191,,8,44,4
192,,13,95,1
193,,74,3,3
194,,189,1,1
195,,190,2,1
196,,157,21,3
197,,143,32,2
198,,38,3,3
199,,82,29,3
200,,138,11,9
201,,155,2,2
202,,66,115,9
203,,108,130,2
204,,51,121,14
205,,26,95,1
206,,1,16,16
207,,24,2,2
208,,50,2,2
209,,97,4,4
210,,30,2,2
211,,83,2,1
212,,132,4,4
213,,18,35,5
214,,70,53,8
215,,177,2,2
216,,14,68,8
217,,88,8,8
218,,34,130,1
219,,59,2,2
220,,44,133,1
221,,22,1,1
222,,38,1,1
223,,51,1,1
224,,64,1,1
225,,67,1,1
226,,75,1,1
227,,89,1,1
228,,90,1,1
229,,92,1,1
230,,95,1,1
231,,98,1,1
232,,108,1,1
233,,113,1,1
234,,125,1,1
235,,149,1,1
236,,172,1,1
237,,49,10,10
238,,188,1,1
239,,38,7,7
240,,37,49,49
241,,196,1,1
242,,200,1,1
243,,3,18,18
244,,12,36,36
245,,35,2,2
246,,15,4,4
247,,140,2,2
248,,118,2,2
249,,35,14,14
250,,94,124,6
251,,20,69,1
252,,140,3,3
253,,176,8,3
254,,85,16,6
255,,7,81,5
256,,2,196,3
257,,165,8,6
258,,63,8,8
259,,27,108,1
260,,6,98,3
261,,195,1,1
262,,14,59,1
263,,127,6,6
264,,6,18,18
265,,86,103,49
266,,27,3,3
267,,175,1,1
268,,156,4,4
269,,188,2,2
270,,54,5,1
271,,162,2,2
272,,1,46,46
273,,107,1,1
274,,175,4,4
275,,187,2,1
276,,5,106,4
277,,59,21,21
278,,4,87,8
279,,14,9,9
280,,41,2,2
281,,9,28,4
282,,69,1,1
283,,72,1,1
284,,81,1,1
285,,131,1,1
286,,133,1,1
287,,153,1,1
288,,164,1,1
289,,74,7,7
290,,2,39,3
291,,185,1,1
292,,186,1,1
293,,6,33,33
294,,94,2,2
295,,64,2,2
296,,85,17,17
297,,65,3,3
298,,3,9,2
299,,78,14,14
300,,14,70,2
301,,62,49,2
302,,3,43,43
303,,115,8,8
304,,4,40,2
305,,173,2,2
306,,77,14,1
307,,71,3,3
308,,43,12,12
309,,4,49,2
310,,21,22,1
311,,143,1,1
312,,118,3,1
313,,132,4,1
314,,36,40,1
315,,19,12,1
316,,1,43,1
317,,191,1,1
318,,2,51,9
319,,9,33,7
320,,1,57,8
321,,3,44,7
322,,4,43,7
323,,3,44,7
324,,6,31,6
325,,6,42,6
326,,7,41,6
327,,8,34,5
328,,9,33,6
329,,12,31,5
330,,12,36,5
331,,15,39,5
332,,13,34,5
333,,19,36,5
334,,15,35,5
335,,23,32,5
336,,24,33,5
337,,21,32,4
338,,26,33,5
339,,23,12,4
340,,29,30,5
341,,12,35,4
342,,26,34,5
343,,33,20,4
344,,34,29,4
345,,38,13,5
346,,48,15,3
347,,50,12,3
348,,51,7,2
349,,52,21,4
350,,54,8,4
351,,55,23,4
352,,55,7,4
353,,47,28,4
354,,36,20,2
355,,63,21,4
356,,59,18,2
357,,57,11,2
358,,67,13,2
359,,70,12,3
360,,71,12,2
361,,61,18,1
362,,44,19,2
363,,80,3,2
364,,81,1,1
365,,84,5,2
366,,76,7,2
367,,87,2,2
368,,90,4,1
369,,88,10,2
370,,97,8,1
371,,99,4,1
372,,104,11,1
373,,113,2,1
374,,46,17,1
375,,116,7,1
376,,102,3,1
377,,29,23,1
378,,113,7,1
379,,122,2,1
380,,98,7,1
381,,127,2,1
382,,136,5,1
383,,109,7,1
384,,93,9,1
385,,156,2,1
386,,159,2,1
387,,119,3,1
388,,99,7,1
389,,96,3,1
390,,129,5,1
391,,176,1,1
392,,57,10,1
393,,173,4,1
394,,164,2,1
395,,50,3,3
396,,153,2,2
397,,81,2,2
398,,2,8,8
399,,75,9,9
400,,15,26,26
401,,25,31,3
402,,90,1,1
403,,99,2,2
404,,91,9,9
405,,4,40,4
406,,26,3,3
407,,107,1,1
408,,22,14,14
409,,24,38,38
410,,193,1,1
411,,8,35,35
412,,63,46,4
413,,5,64,4
414,,155,1,1
415,,13,12,12
416,,34,13,4
417,,34,7,7
418,,195,2,1
419,,32,54,1
420,,36,31,5
421,,56,1,1
422,,8,4,4
423,,6,4,4
424,,5,15,15
425,,19,15,4
426,,7,6,6
427,,68,2,2
428,,47,2,2
429,,9,9,9
430,,31,3,3
431,,11,4,1
432,,73,17,8
433,,8,15,3
434,,2,81,81
435,,185,1,1
436,,13,4,4
437,,29,15,15
438,,52,11,2
439,,138,3,3
440,,6,22,22
441,,9,23,1
442,,14,4,4
443,,117,1,1
444,,108,3,3
445,,42,6,6
446,,2,26,26
447,,90,2,2
448,,35,2,2
449,,191,1,1
450,,45,2,2
451,,167,5,2
452,,198,1,1
453,,37,1,1
454,,50,1,1
455,,52,1,1
456,,56,1,1
457,,59,1,1
458,,14,2,2
459,,14,3,3
460,,15,2,2
461,,16,2,2
462,,24,2,2
463,,13,5,5
464,,11,4,4
465,,120,6,6
466,,22,2,2
467,,56,5,5
468,,30,19,19
469,,23,2,2
470,,65,47,14
471,,24,33,1
472,,64,15,15
473,,27,2,2
474,,1,16,16
475,,29,1,1
476,,30,1,1
477,,32,1,1
478,,33,1,1
479,,34,1,1
480,,35,3,1
481,,41,1,1
482,,75,1,1
483,,90,6,1
484,,119,2,1
485,,18,3,3
486,,138,1,1
487,,1,57,5
488,,19,3,3
489,,11,25,25
490,,14,36,36
491,,108,24,6
492,,21,2,2
493,,14,3,3
494,,20,2,2
495,,90,3,3
496,,6,7,7
497,,14,2,2
498,,23,2,2
499,,40,28,3
500,,33,11,11
501,,46,2,2
502,,35,2,2
503,,18,28,28
504,,1,68,68
505,,12,17,17
506,,6,6,6
507,,194,2,2
508,,26,2,2
509,,48,2,2
510,,3,13,13
511,,39,1,1
512,,42,1,1
513,,49,1,1
514,,52,1,1
515,,54,1,1
516,,93,1,1
517,,15,17,17
518,,31,13,1
519,,88,2,2
520,,16,1,1
521,,9,3,3
522,,20,1,1
523,,21,1,1
524,,29,1,1
525,,35,1,1
526,,38,1,1
527,,47,1,1
528,,49,1,1
529,,51,1,1
530,,58,1,1
531,,69,1,1
532,,70,1,1
533,,71,1,1
534,,2,21,21
535,,97,1,1
536,,106,1,1
537,,121,1,1
538,,137,1,1
539,,141,1,1
540,,145,1,1
541,,147,1,1
542,,162,2,2
543,,9,21,21
544,,90,10,10
545,,42,3,3
546,,24,11,11
547,,188,1,1
548,,68,6,6
549,,68,3,3
550,,6,3,3
551,,9,4,4
552,,118,1,1
553,,152,1,1
554,,128,9,7
555,,48,26,26
556,,19,18,18
557,,14,51,51
558,,1,171,5
559,,59,31,31
560,,86,40,40
561,,5,28,28
562,,145,14,14
563,,20,8,8
564,,15,4,4
565,,3,89,4
566,,3,35,35
567,,125,15,15
568,,4,203,203
569,,96,73,1
570,,6,61,1
571,,1,333,2
572,,113,15,15
573,,141,3,3
574,,31,12,12
575,,79,11,3
576,,1,83,1
577,,87,1,1
578,,19,3,3
579,,41,11,11
580,,11,5,5
581,,175,1,1
582,,20,5,5
583,,22,3,3
584,,132,8,1
585,,74,2,1
586,,63,9,9
587,,193,1,1
588,,2,18,18
589,,16,3,3
590,,112,8,8
591,,51,10,10
592,,90,14,14
593,,17,3,3
594,,1,7,7
595,,1,36,36
596,,4,27,27
597,,18,2,2
598,,110,1,1
599,,33,2,2
600,,154,1,1
601,,39,6,6
602,,92,15,15
603,,49,2,2
604,,1,98,2
605,,199,1,1
606,,83,2,2
607,,95,1,1
608,,113,1,1
609,,115,1,1
610,,122,1,1
611,,126,1,1
612,,131,8,8
613,,89,61,9
614,,53,4,4
615,,3,8,8
616,,41,15,15
617,,72,3,3
618,,18,15,15
619,,96,9,9
620,,115,17,17
621,,7,78,1
622,,1,10,10
623,,7,4,4
624,,89,1,1
625,,124,1,1
626,,90,11,11
627,,37,34,34
628,,71,2,2
629,,37,21,21
630,,162,1,1
631,,132,7,7
632,,36,36,36
633,,51,11,11
634,,8,35,35
635,,124,4,4
636,,191,1,1
637,,5,37,3
638,,3,70,70
639,,141,6,1
640,,4,9,9
641,,82,1,1
642,,97,1,1
643,,109,1,1
644,,123,1,1
645,,125,1,1
646,,144,1,1
647,,161,1,1
648,,78,3,3
649,,38,6,6
650,,200,1,1
651,,1,19,19
652,,71,3,3
653,,34,7,7
654,,90,2,2
655,,80,9,9
656,,70,17,17
657,,17,15,15
658,,63,24,24
659,,177,2,1
660,,13,23,23
661,,83,8,8
662,,139,5,5
663,,180,2,1
664,,14,34,34
665,,70,4,4
666,,19,3,3
667,,13,3,3
668,,9,6,6
669,,79,7,7
670,,16,58,58
671,,25,25,25
672,,6,59,1
673,,50,26,26
674,,133,12,12
675,,12,2,2
676,,59,4,4
677,,28,3,3
678,,21,2,2
679,,68,2,2
680,,161,1,1
681,,22,2,2
682,,2,31,31
683,,60,9,9
684,,101,12,12
685,,38,2,2
686,,27,25,1
687,,85,18,18
688,,25,2,2
689,,20,1,1
690,,33,1,1
691,,34,1,1
692,,44,1,1
693,,46,1,1
694,,57,1,1
695,,69,2,1
696,,60,2,1
697,,138,1,1
698,,149,1,1
699,,44,10,10
700,,143,5,5
701,,9,27,27
702,,1,15,15
703,,65,1,1
704,,80,1,1
705,,86,1,1
706,,7,52,11
707,,7,3,3
708,,148,5,5
709,,178,1,1
710,,27,80,2
711,,18,5,5
712,,14,8,8
713,,14,5,5
714,,4,7,7
715,,55,30,19
716,,20,29,2
717,,45,28,28
718,,4,116,1
719,,69,1,1
720,,95,3,3
721,,8,2,2
722,,78,7,7
723,,30,7,7
724,,95,14,14
725,,4,62,1
726,,21,2,2
727,,70,5,1
728,,11,24,1
729,,18,1,1
730,,23,1,1
731,,24,1,1
732,,27,1,1
733,,31,1,1
734,,33,1,1
735,,35,1,1
736,,37,1,1
737,,48,1,1
738,,52,1,1
739,,53,1,1
740,,59,1,1
741,,62,1,1
742,,71,1,1
743,,85,1,1
744,,89,1,1
745,,124,1,1
746,,111,2,2
747,,27,16,16
748,,76,2,2
749,,42,29,28
750,,42,1,1
751,,51,2,2
752,,92,1,1
753,,18,26,26
754,,96,1,1
755,,110,1,1
756,,30,35,1
757,,126,1,1
758,,25,5,5
759,,86,8,8
760,,164,2,2
761,,176,2,2
762,,65,6,6
763,,189,1,1
764,,190,1,1
765,,146,10,10
766,,10,7,7
767,,35,3,3
768,,9,1,1
769,,18,1,1
770,,9,22,22
771,,44,5,5
772,,79,1,1
773,,18,25,25
774,,98,1,1
775,,61,4,4
776,,124,1,1
777,,47,3,3
778,,144,3,1
779,,12,7,7
780,,10,31,31
781,,155,2,2
782,,92,4,4
783,,10,13,13
784,,95,4,4
785,,148,3,3
786,,175,3,3
787,,57,47,25
788,,180,1,1
789,,15,30,30
790,,189,1,1
791,,2,34,1
792,,20,60,60
793,,195,1,1
794,,8,30,30
795,,16,3,3
796,,44,4,4
797,,88,1,1
798,,49,11,11
799,,63,9,9
800,,10,50,50
801,,49,22,22
802,,169,1,1
803,,13,44,41
804,,20,22,22
805,,87,10,10
806,,6,59,59
807,,184,1,1
808,,100,2,2
809,,1,88,88
810,,69,3,3
811,,7,11,11
812,,53,5,5
813,,2,33,33
814,,1,54,54
815,,72,2,2
816,,102,1,1
817,,151,2,2
818,,97,4,4
819,,30,34,34
820,,5,44,1
821,,2,111,1
822,,18,3,3
823,,14,32,32
824,,21,2,2
825,,105,1,1
826,,38,2,2
827,,36,2,2
828,,144,2,2
829,,157,3,3
830,,92,3,3
831,,173,1,1
832,,156,5,1
833,,49,16,16
834,,91,3,3
835,,190,1,1
836,,193,1,1
837,,41,19,19
838,,4,22,1
839,,20,3,3
840,,35,15,15
841,,125,3,3
842,,42,14,14
843,,61,14,5
844,,77,4,4
845,,71,10,2
846,,108,34,2
847,,13,17,17
848,,96,24,24
849,,4,90,90
850,,12,11,11
851,,28,48,1
852,,17,52,49
853,,69,3,3
854,,27,2,2
855,,14,30,30
856,,60,1,1
857,,54,2,2
858,,37,7,7
859,,71,6,6
860,,132,2,1
861,,92,4,4
862,,46,2,2
863,,67,2,2
864,,3,72,1
865,,21,4,4
866,,122,3,3
867,,158,1,1
868,,115,7,7
869,,16,11,11
870,,71,7,7
871,,169,1,1
872,,32,28,28
873,,8,30,30
874,,70,5,5
875,,54,13,13
876,,140,5,5
877,,194,1,1
878,,83,3,3
879,,1,33,10
880,,75,1,1
881,,16,3,3
882,,124,5,3
883,,161,2,2
884,,36,30,4
885,,173,2,2
886,,129,10,1
887,,14,8,8
888,,184,1,1
889,,25,20,20
890,,26,7,7
891,,180,2,2
892,,57,5,1
893,,27,6,6
894,,102,3,3
895,,27,4,4
896,,64,4,4
897,,55,20,18
898,,185,3,3
899,,48,17,2
900,,1,6,6
901,,9,35,35
902,,18,2,2
903,,37,3,3
904,,132,1,1
905,,49,2,2
906,,138,2,2
907,,65,6,6
908,,74,40,17
909,,190,1,1
910,,2,26,1
911,,40,73,4
912,,70,1,1
913,,27,2,2
914,,55,18,16
915,,70,10,10
916,,58,3,3
917,,23,4,4
918,,2,48,48
919,,134,9,9
920,,108,7,7
921,,91,8,4
922,,1,120,120
923,,71,2,2
924,,105,2,2
925,,128,1,1
926,,138,1,1
927,,68,2,2
928,,83,4,4
929,,82,35,35
930,,47,21,21
931,,112,12,1
932,,195,1,1
933,,72,16,16
934,,38,35,35
935,,29,17,1
936,,83,1,1
937,,146,2,1
938,,147,1,1
939,,109,2,2
940,,81,3,3
941,,12,6,6
942,,71,16,16
943,,11,26,26
944,,80,21,21
945,,141,9,1
946,,18,4,4
947,,3,75,75
948,,73,36,1
949,,67,21,21
950,,127,3,1
951,,48,2,2
952,,80,2,2
953,,125,1,1
954,,44,5,3
955,,135,1,1
956,,158,1,1
957,,19,15,15
958,,17,110,39
959,,190,1,1
960,,70,51,1
961,,9,37,1
962,,25,3,3
963,,67,2,2
964,,44,4,2
965,,160,1,1
966,,25,5,5
967,,171,1,1
968,,76,7,7
969,,172,3,3
970,,180,2,2
971,,21,22,22
972,,78,25,13
973,,4,37,37
974,,120,2,2
975,,122,1,1
976,,94,2,2
977,,12,14,14
978,,75,2,2
979,,84,3,3
980,,31,16,16
981,,15,45,45
982,,80,11,11
983,,173,1,1
984,,10,41,41
985,,45,27,27
986,,40,17,17
987,,63,54,11
988,,66,28,28
989,,7,18,2
990,,83,2,2
991,,58,30,1
992,,2,2,2
993,,1,8,8
994,,81,1,1
995,,97,1,1
996,,117,1,1
997,,127,1,1
998,,155,1,1
999,,123,2,1
1000,,26,5,5
1001,,148,3,3
1002,,128,12,10
1003,,25,6,6
1004,,9,43,10
1005,,191,1,1
1006,,64,23,23
1007,,2,44,44
1008,,200,1,1
1009,,37,4,4
1010,,44,2,2
1011,,88,1,1
1012,,33,17,1
1013,,59,3,3
1014,,68,32,3
1015,,58,29,29
1016,,177,1,1
1017,,21,18,18
1018,,183,1,1
1019,,63,19,19
1020,,80,16,16
1021,,190,2,2
1022,,97,2,2
1023,,22,23,23
1024,,195,1,1
1025,,172,3,3
1026,,35,3,3
1027,,69,14,14
1028,,77,1,1
1029,,47,2,2
1030,,33,2,2
1031,,97,2,2
1032,,11,17,17
1033,,6,44,44
1034,,128,1,1
1035,,99,2,2
1036,,122,2,2
1037,,162,1,1
1038,,165,1,1
1039,,58,4,4
1040,,95,2,2
1041,,46,4,4
1042,,82,26,7
1043,,119,21,8
1044,,96,1,1
1045,,106,1,1
1046,,131,1,1
1047,,66,80,80
1048,,160,1,1
1049,,88,13,1
1050,,165,1,1
1051,,176,1,1
1052,,69,3,3
1053,,32,5,5
1054,,58,7,7
1055,,186,1,1
1056,,187,1,1
1057,,120,5,2
1058,,7,36,36
1059,,80,6,6
1060,,106,1,1
1061,,3,47,1
1062,,127,2,2
1063,,14,12,12
1064,,13,39,6
1065,,169,3,3
1066,,27,16,6
1067,,162,2,2
1068,,71,2,2
1069,,10,38,2
1070,,2,159,1
1071,,112,40,6
1072,,99,18,18
1073,,2,81,81
1074,,11,59,59
1075,,63,26,6
1076,,48,18,18
1077,,12,10,10
1078,,38,25,25
1079,,70,2,2
1080,,48,17,17
1081,,155,2,2
1082,,86,17,5
1083,,104,10,1
1084,,174,1,1
1085,,21,13,13
1086,,15,28,28
1087,,136,9,5
1088,,86,2,2
1089,,3,78,1
1090,,6,77,1
1091,,50,9,2
1092,,1,18,18
1093,,156,1,1
1094,,164,1,1
1095,,158,10,4
1096,,24,7,7
1097,,94,9,9
1098,,139,2,2
1099,,18,70,4
1100,,24,8,8
1101,,14,23,4
1102,,1,34,4
1103,,35,11,11
1104,,1,80,80
1105,,96,5,5
1106,,45,19,19
1107,,24,16,1
1108,,3,181,1
1109,,69,10,10
1110,,175,2,1
1111,,2,127,1
1112,,66,11,3
1113,,181,2,2
1114,,182,1,1
1115,,148,19,1
1116,,87,6,1
1117,,5,36,2
1118,,81,54,1
1119,,54,1,1
1120,,142,1,1
1121,,3,83,9
1122,,54,12,1
1123,,34,28,2
1124,,6,11,2
1125,,33,22,2
1126,,199,1,1
1127,,4,70,1
1128,,3,80,1
1129,,151,1,1
1130,,150,5,5
1131,,26,27,1
1132,,9,34,1
1133,,1,78,1
1134,,8,53,1
1135,,77,13,1
1136,,5,41,1
1137,,33,16,1
1138,,187,2,1
1139,,6,33,1
1140,,199,2,1
1141,,2,42,7
1142,,4,36,7
1143,,23,8,4
1144,,36,18,2
1145,,115,5,2
1146,,113,6,1
1147,,52,13,1
1148,,168,1,1
1149,,46,16,1
1150,,143,3,1
1151,,78,7,1
1152,,110,5,1
1153,,43,2,2
1154,,39,2,2
1155,,50,2,2
1156,,151,1,1
1157,,35,3,3
1158,,58,2,2
1159,,63,2,2
1160,,82,2,2
1161,,56,1,1
1162,,78,1,1
1163,,79,1,1
1164,,86,1,1
1165,,95,3,3
1166,,96,1,1
1167,,101,1,1
1168,,19,16,1
1169,,36,12,12
1170,,114,1,1
1171,,64,11,11
1172,,126,1,1
1173,,35,2,2
1174,,42,2,2
1175,,110,5,5
1176,,3,8,8
1177,,5,8,8
1178,,11,8,8
1179,,48,2,2
1180,,61,2,2
1181,,198,1,1
1182,,6,33,3
1183,,73,1,1
1184,,74,1,1
1185,,79,1,1
1186,,92,1,1
1187,,107,1,1
1188,,25,6,6
1189,,132,1,1
1190,,142,1,1
1191,,17,3,3
1192,,17,31,31
1193,,5,5,5
1194,,182,1,1
1195,,9,6,6
1196,,110,3,3
1197,,10,6,6
1198,,4,4,4
1199,,6,4,4
1200,,13,6,6
1201,,32,16,16
1202,,32,5,5
1203,,6,70,70
1204,,11,8,2
1205,,11,4,4
1206,,60,1,1
1207,,12,5,5
1208,,14,3,3
1209,,14,5,5
1210,,138,1,1
1211,,25,5,5
1212,,25,13,13
1213,,171,1,1
1214,,50,7,7
1215,,52,12,12
1216,,36,15,15
1217,,1,107,2
1218,,66,11,11
1219,,15,2,2
1220,,16,2,2
1221,,19,2,2
1222,,30,2,2
1223,,27,4,4
1224,,78,2,2
1225,,173,1,1
1226,,174,1,1
1227,,125,4,4
1228,,97,13,13
1229,,29,4,4
1230,,67,12,12
1231,,127,2,2
1232,,57,10,10
1233,,129,14,1
1234,,47,8,8
1235,,34,4,4
1236,,36,1,1
1237,,11,2,2
1238,,41,1,1
1239,,53,1,1
1240,,54,1,1
1241,,48,5,5
1242,,69,1,1
1243,,74,1,1
1244,,38,13,13
1245,,103,1,1
1246,,104,1,1
1247,,122,1,1
1248,,135,1,1
1249,,160,1,1
1250,,149,2,1
1251,,36,3,3
1252,,172,1,1
1253,,173,1,1
1254,,161,3,3
1255,,199,1,1
1256,,1,21,21
1257,,63,1,1
1258,,86,5,5
1259,,45,2,2
1260,,50,2,2
1261,,33,3,3
1262,,5,38,38
1263,,86,4,4
1264,,77,9,9
1265,,185,2,1
1266,,186,1,1
1267,,141,7,6
1268,,193,1,1
1269,,90,5,1
1270,,39,2,2
1271,,97,8,8
1272,,128,7,7
1273,,93,23,23
1274,,48,10,10
1275,,99,100,8
1276,,110,20,20
1277,,103,94,43
1278,,197,1,1
1279,,101,21,18
1280,,25,25,25
1281,,101,1,1
1282,,84,3,3
1283,,97,4,4
1284,,169,1,1
1285,,12,18,18
1286,,14,5,5
1287,,71,4,4
1288,,7,24,24
1289,,2,28,28
1290,,77,21,21
1291,,185,1,1
1292,,11,212,36
1293,,189,1,1
1294,,190,1,1
1295,,99,5,5
1296,,181,6,3
1297,,2,113,113
1298,,78,6,2
1299,,95,1,1
1300,,2,63,2
1301,,53,21,21
1302,,92,14,14
1303,,54,7,7
1304,,10,23,23
1305,,73,14,14
1306,,81,9,9
1307,,5,78,1
1308,,35,37,3
1309,,3,55,1
1310,,7,15,15
1311,,36,13,13
1312,,51,6,6
1313,,66,61,61
1314,,78,5,1
1315,,98,56,15
1316,,112,25,25
1317,,104,48,9
1318,,111,3,3
1319,,180,1,1
1320,,116,11,11
1321,,71,14,14
1322,,19,22,22
1323,,188,1,1
1324,,190,1,1
1325,,12,53,53
1326,,71,1,1
1327,,33,11,11
1328,,4,55,55
1329,,3,66,66
1330,,24,2,2
1331,,126,1,1
1332,,138,1,1
1333,,26,2,2
1334,,44,15,15
1335,,15,8,8
1336,,35,2,2
1337,,104,2,2
1338,,193,1,1
1339,,33,2,2
1340,,45,1,1
1341,,54,4,4
1342,,170,1,1
1343,,21,7,7
1344,,140,11,11
1345,,86,7,7
1346,,21,20,20
1347,,161,6,6
1348,,2,4,4
1349,,138,2,2
1350,,2,28,28
1351,,45,14,14
1352,,11,31,31
1353,,12,69,69
1354,,1,66,1
1355,,189,2,2
1356,,1,44,44
1357,,173,3,1
1358,,87,2,2
1359,,22,44,1
1360,,5,6,6
1361,,40,4,4
1362,,93,3,3
1363,,98,1,1
1364,,120,1,1
1365,,57,9,9
1366,,138,1,1
1367,,86,5,5
1368,,68,11,11
1369,,5,16,16
1370,,24,6,6
1371,,86,7,5
1372,,97,2,2
1373,,1,77,77
1374,,100,8,8
1375,,25,7,7
1376,,195,1,1
1377,,11,18,18
1378,,22,25,25
1379,,7,71,18
1380,,25,1,1
1381,,114,1,1
1382,,141,1,1
1383,,149,1,1
1384,,170,3,2
1385,,14,17,17
1386,,20,9,9
1387,,24,17,17
1388,,127,17,16
1389,,186,2,2
1390,,28,24,24
1391,,197,1,1
1392,,22,17,17
1393,,16,2,2
1394,,21,3,3
1395,,42,18,18
1396,,19,31,31
1397,,11,43,39
1398,,34,47,6
1399,,64,18,18
1400,,30,15,15
1401,,133,2,2
1402,,59,26,26
1403,,17,23,23
1404,,6,13,13
1405,,59,20,20
1406,,1,73,73
1407,,37,24,6
1408,,18,8,8
1409,,26,10,1
1410,,18,13,13
1411,,34,2,2
1412,,164,3,3
1413,,101,2,2
1414,,18,20,20
1415,,46,2,2
1416,,7,8,1
1417,,109,16,16
1418,,17,22,22
1419,,9,40,1
1420,,33,1,1
1421,,39,1,1
1422,,50,1,1
1423,,77,1,1
1424,,85,1,1
1425,,93,1,1
1426,,96,1,1
1427,,102,1,1
1428,,114,1,1
1429,,148,1,1
1430,,152,1,1
1431,,109,2,2
1432,,64,2,2
1433,,140,5,5
1434,,110,10,9
1435,,6,60,60
1436,,37,3,3
1437,,13,6,6
1438,,60,1,1
1439,,86,2,2
1440,,61,4,4
1441,,37,2,2
1442,,103,15,15
1443,,22,4,4
1444,,175,1,1
1445,,177,1,1
1446,,33,22,22
1447,,89,11,11
1448,,26,9,9
1449,,125,5,5
1450,,31,37,2
1451,,2,62,62
1452,,61,3,3
1453,,85,7,7
1454,,17,5,5
1455,,154,3,3
1456,,27,11,11
1457,,20,11,11
1458,,10,9,9
1459,,185,1,1
1460,,157,2,2
1461,,194,1,1
1462,,38,24,24
1463,,75,41,6
1464,,9,11,11
1465,,58,1,1
1466,,22,2,2
1467,,54,2,2
1468,,178,1,1
1469,,188,1,1
1470,,140,6,6
1471,,55,17,17
1472,,18,12,12
1473,,198,1,1
1474,,97,7,7
1475,,44,70,68
1476,,3,36,36
1477,,150,1,1
1478,,111,2,2
1479,,3,8,8
1480,,52,28,1
1481,,14,7,7
1482,,8,7,7
1483,,30,9,9
1484,,28,9,9
1485,,45,32,1
1486,,53,4,4
1487,,15,7,7
1488,,1,151,2
1489,,86,1,1
1490,,10,2,2
1491,,56,16,16
1492,,111,1,1
1493,,128,2,2
1494,,135,1,1
1495,,152,1,1
1496,,24,5,5
1497,,173,2,1
1498,,8,7,7
1499,,9,34,34
1500,,6,108,13
1501,,11,6,6
1502,,15,52,1
1503,,25,1,1
1504,,28,1,1
1505,,30,1,1
1506,,38,1,1
1507,,49,1,1
1508,,61,1,1
1509,,68,1,1
1510,,87,1,1
1511,,89,1,1
1512,,96,1,1
1513,,30,2,2
1514,,19,5,5
1515,,13,5,5
1516,,16,5,5
1517,,158,3,3
1518,,9,41,41
1519,,194,1,1
1520,,40,7,1
1521,,43,1,1
1522,,95,1,1
1523,,173,1,1
1524,,148,3,3
1525,,141,2,2
1526,,77,4,4
1527,,22,4,4
1528,,171,3,1
1529,,55,58,1
1530,,33,15,15
1531,,69,1,1
1532,,71,1,1
1533,,74,1,1
1534,,75,1,1
1535,,86,1,1
1536,,97,1,1
1537,,115,1,1
1538,,121,1,1
1539,,2,55,55
1540,,21,6,6
1541,,37,5,5
1542,,177,1,1
1543,,117,7,7
1544,,191,1,1
1545,,51,9,9
1546,,93,7,7
1547,,149,5,5
1548,,3,3,3
1549,,31,3,3
1550,,8,3,3
1551,,9,30,30
1552,,17,3,3
1553,,130,2,2
1554,,42,11,11
1555,,23,33,33
1556,,149,5,1
1557,,1,146,1
1558,,21,3,3
1559,,52,41,1
1560,,11,3,3
1561,,59,5,5
1562,,89,6,6
1563,,17,38,10
1564,,11,48,2
1565,,48,28,28
1566,,21,9,9
1567,,14,2,2
1568,,38,16,16
1569,,24,2,2
1570,,14,5,5
1571,,29,88,8
1572,,44,39,1
1573,,67,8,8
1574,,29,2,2
1575,,91,2,2
1576,,183,1,1
1577,,4,10,10
1578,,29,4,4
1579,,71,12,12
1580,,135,6,1
1581,,22,2,2
1582,,29,14,1
1583,,1,7,7
1584,,20,1,1
1585,,27,1,1
1586,,41,1,1
1587,,53,1,1
1588,,54,1,1
1589,,61,1,1
1590,,73,1,1
1591,,76,1,1
1592,,79,1,1
1593,,109,1,1
1594,,44,2,2
1595,,57,2,2
1596,,140,1,1
1597,,32,4,4
1598,,50,2,2
1599,,179,1,1
1600,,186,1,1
1601,,50,18,18
1602,,70,5,5
1603,,5,63,63
1604,,30,7,7
1605,,5,13,13
1606,,29,11,1
1607,,36,12,12
1608,,123,1,1
1609,,10,41,41
1610,,48,2,2
1611,,159,1,1
1612,,14,30,13
1613,,131,3,3
1614,,175,1,1
1615,,19,10,10
1616,,3,25,25
1617,,82,5,5
1618,,187,1,1
1619,,65,8,8
1620,,44,10,10
1621,,38,39,39
1622,,8,20,20
1623,,48,8,8
1624,,41,156,3
1625,,2,4,4
1626,,61,1,1
1627,,85,1,1
1628,,86,1,1
1629,,23,29,29
1630,,131,1,1
1631,,75,9,9
1632,,139,1,1
1633,,69,14,14
1634,,58,14,14
1635,,36,11,11
1636,,67,17,15
1637,,97,2,2
1638,,32,11,11
1639,,10,35,35
1640,,32,29,29
1641,,58,6,6
1642,,36,13,13
1643,,180,1,1
1644,,7,28,28
1645,,62,54,3
1646,,80,40,21
1647,,190,1,1
1648,,1,91,91
1649,,51,23,3
1650,,19,43,43
1651,,110,158,5
1652,,99,1,1
1653,,56,3,3
1654,,14,41,2
1655,,17,16,16
1656,,45,20,20
1657,,32,20,6
1658,,92,13,13
1659,,184,1,1
1660,,45,55,17
1661,,1,79,79
1662,,22,26,6
1663,,156,3,3
1664,,196,1,1
1665,,96,1,1
1666,,71,2,2
1667,,97,4,4
1668,,80,3,3
1669,,14,15,15
1670,,55,15,12
1671,,142,5,1
1672,,176,4,1
1673,,36,38,37
1674,,138,10,10
1675,,189,1,1
1676,,72,14,14
1677,,139,3,3
1678,,72,14,14
1679,,74,5,5
1680,,39,5,5
1681,,4,35,35
1682,,103,1,1
1683,,7,25,25
1684,,112,1,1
1685,,45,3,3
1686,,124,4,4
1687,,10,5,1
1688,,72,13,13
1689,,148,2,2
1690,,37,8,8
1691,,1,22,22
1692,,70,19,1
1693,,68,13,13
1694,,42,38,6
1695,,3,197,21
1696,,40,31,31
1697,,2,5,5
1698,,13,5,5
1699,,131,1,1
1700,,45,5,5
1701,,115,3,3
1702,,43,13,11
1703,,114,2,2
1704,,80,4,3
1705,,33,15,15
1706,,60,9,6
1707,,72,2,2
1708,,83,1,1
1709,,91,1,1
1710,,44,2,2
1711,,65,2,2
1712,,102,5,5
1713,,58,8,8
1714,,164,1,1
1715,,166,1,1
1716,,29,5,5
1717,,23,13,13
1718,,111,2,1
1719,,24,30,30
1720,,181,2,2
1721,,12,22,13
1722,,14,28,28
1723,,193,1,1
1724,,189,2,2
1725,,72,1,1
1726,,77,1,1
1727,,3,11,11
1728,,128,2,2
1729,,152,1,1
1730,,165,1,1
1731,,110,12,12
1732,,18,3,3
1733,,83,4,4
1734,,56,10,10
1735,,186,1,1
1736,,110,16,12
1737,,19,122,122
1738,,9,45,2
1739,,5,47,47
1740,,44,7,7
1741,,10,5,5
1742,,108,8,8
1743,,113,8,8
1744,,83,10,10
1745,,41,36,36
1746,,19,15,15
1747,,89,8,8
1748,,3,22,1
1749,,2,180,1
1750,,5,26,1
1751,,9,72,72
1752,,23,59,1
1753,,104,1,1
1754,,114,1,1
1755,,130,1,1
1756,,5,53,53
1757,,64,9,9
1758,,53,20,5
1759,,113,2,1
1760,,147,6,6
1761,,153,4,4
1762,,181,5,5
1763,,20,4,4
1764,,16,24,3
1765,,54,6,4
1766,,106,11,11
1767,,200,1,1
1768,,105,1,1
1769,,129,1,1
1770,,66,15,15
1771,,57,3,3
1772,,75,10,1
1773,,53,8,8
1774,,27,4,4
1775,,119,6,6
1776,,107,4,1
1777,,44,26,26
1778,,186,2,1
1779,,86,3,3
1780,,55,13,13
1781,,31,33,33
1782,,14,36,36
1783,,9,5,5
1784,,32,14,1
1785,,30,26,9
1786,,52,6,6
1787,,59,7,5
1788,,45,11,11
1789,,27,3,3
1790,,8,16,16
1791,,84,7,7
1792,,93,7,7
1793,,72,17,17
1794,,66,14,14
1795,,118,6,4
1796,,23,17,17
1797,,13,83,8
1798,,15,25,25
1799,,8,40,40
1800,,122,1,1
1801,,48,2,2
1802,,100,4,1
1803,,51,12,12
1804,,1,96,1
1805,,178,5,5
1806,,192,1,1
1807,,197,1,1
1808,,79,1,1
1809,,80,1,1
1810,,111,1,1
1811,,112,1,1
1812,,125,1,1
1813,,89,7,7
1814,,144,1,1
1815,,70,2,2
1816,,151,1,1
1817,,113,17,17
1818,,180,1,1
1819,,181,1,1
1820,,3,43,6
1821,,35,29,29
1822,,161,4,4
1823,,153,3,3
1824,,5,23,23
1825,,11,5,5
1826,,15,51,51
1827,,4,14,14
1828,,19,2,2
1829,,17,4,4
1830,,45,8,8
1831,,72,3,3
1832,,107,1,1
1833,,112,5,5
1834,,181,1,1
1835,,7,217,2
1836,,110,5,5
1837,,90,17,17
1838,,3,55,55
1839,,192,1,1
1840,,9,36,36
1841,,171,5,5
1842,,103,9,9
1843,,67,13,13
1844,,56,10,10
1845,,35,2,2
1846,,90,1,1
1847,,111,2,2
1848,,42,22,4
1849,,23,3,3
1850,,13,3,3
1851,,79,10,10
1852,,61,11,4
1853,,57,17,17
1854,,26,3,3
1855,,33,2,2
1856,,14,2,2
1857,,79,3,3
1858,,81,1,1
1859,,22,2,2
1860,,113,1,1
1861,,26,2,2
1862,,25,2,2
1863,,8,47,3
1864,,135,3,3
1865,,41,35,4
1866,,52,30,3
1867,,27,1,1
1868,,28,1,1
1869,,35,1,1
1870,,54,1,1
1871,,55,1,1
1872,,62,1,1
1873,,92,1,1
1874,,94,1,1
1875,,135,1,1
1876,,141,1,1
1877,,146,1,1
1878,,160,1,1
1879,,7,21,2
1880,,99,9,9
1881,,108,5,5
1882,,93,8,8
1883,,84,20,20
1884,,106,7,7
1885,,124,10,10
1886,,40,24,1
1887,,28,4,4
1888,,11,71,1
1889,,72,10,2
1890,,128,8,3
1891,,10,35,1
1892,,33,5,5
1893,,69,20,1
1894,,48,24,1
1895,,39,20,1
1896,,3,97,1
1897,,94,3,3
1898,,51,71,1
1899,,14,8,1
1900,,76,17,1
1901,,34,19,1
1902,,36,84,1
1903,,12,26,5
1904,,76,6,2
1905,,99,7,2
1906,,199,1,1
1907,,18,6,6
1908,,56,2,2
1909,,2,30,30
1910,,78,1,1
1911,,82,1,1
1912,,99,1,1
1913,,109,1,1
1914,,35,21,21
1915,,114,1,1
1916,,133,1,1
1917,,157,2,2
1918,,167,1,1
1919,,9,4,4
1920,,125,4,4
1921,,41,1,1
1922,,2,29,29
1923,,2,68,68
1924,,115,1,1
1925,,12,3,3
1926,,5,22,22
1927,,142,1,1
1928,,2,40,2
1929,,84,16,16
1930,,11,3,3
1931,,5,32,1
1932,,38,11,10
1933,,74,3,1
1934,,119,24,1
1935,,18,4,4
1936,,94,14,14
1937,,23,23,23
1938,,23,2,2
1939,,21,2,2
1940,,58,6,6
1941,,16,2,2
1942,,41,6,6
1943,,13,3,3
1944,,39,7,7
1945,,31,2,2
1946,,33,9,8
1947,,30,2,2
1948,,125,3,3
1949,,11,3,3
1950,,141,4,4
1951,,46,8,8
1952,,192,1,1
1953,,33,1,1
1954,,43,1,1
1955,,41,2,2
1956,,27,2,2
1957,,13,3,3
1958,,74,2,2
1959,,129,1,1
1960,,21,2,2
1961,,135,1,1
1962,,33,2,2
1963,,148,1,1
1964,,163,2,1
1965,,157,2,2
1966,,32,18,18
1967,,31,2,2
1968,,30,2,2
1969,,49,2,2
1970,,78,9,9
1971,,1,5,5
1972,,39,1,1
1973,,42,1,1
1974,,50,1,1
1975,,51,1,1
1976,,54,1,1
1977,,58,1,1
1978,,59,1,1
1979,,62,1,1
1980,,68,1,1
1981,,70,1,1
1982,,73,1,1
1983,,78,1,1
1984,,80,1,1
1985,,81,1,1
1986,,83,1,1
1987,,86,1,1
1988,,87,1,1
1989,,94,1,1
1990,,33,5,1
1991,,105,1,1
1992,,109,1,1
1993,,113,1,1
1994,,127,1,1
1995,,24,17,17
1996,,136,1,1
1997,,146,1,1
1998,,115,7,7
1999,,168,1,1
2000,,29,2,2
2001,,4,10,1
2002,,18,10,10
2003,,2,11,11
2004,,195,1,1
2005,,133,4,3
2006,,75,13,13
2007,,21,1,1
2008,,30,2,2
2009,,5,36,36
2010,,63,1,1
2011,,57,6,6
2012,,78,1,1
2013,,94,3,3
2014,,109,45,45
2015,,85,16,16
2016,,125,6,6
2017,,50,9,9
2018,,165,1,1
2019,,167,4,4
2020,,90,5,5
2021,,132,11,11
2022,,129,19,5
2023,,58,23,23
2024,,5,11,11
2025,,178,1,1
2026,,84,5,5
2027,,55,12,12
2028,,57,2,2
2029,,2,65,65
2030,,1,143,1
2031,,111,13,13
2032,,62,1,1
2033,,30,5,1
2034,,84,1,1
2035,,1,135,8
2036,,119,1,1
2037,,127,1,1
2038,,126,4,4
2039,,131,1,1
2040,,84,4,4
2041,,28,3,3
2042,,147,1,1
2043,,166,1,1
2044,,167,3,3
2045,,152,4,1
2046,,136,6,6
2047,,180,1,1
2048,,120,8,8
2049,,185,1,1
2050,,160,8,6
2051,,192,1,1
2052,,196,1,1
2053,,92,7,7
2054,,35,17,17
2055,,6,7,7
2056,,3,18,18
2057,,72,2,2
2058,,61,4,4
2059,,78,3,3
2060,,88,14,2
2061,,149,1,1
2062,,51,2,2
2063,,149,2,2
2064,,88,7,7
2065,,124,7,7
2066,,34,15,2
2067,,183,3,3
2068,,187,1,1
2069,,103,2,2
2070,,48,3,3
2071,,116,2,2
2072,,96,5,5
2073,,191,2,2
2074,,65,16,16
2075,,10,10,10
2076,,114,1,1
2077,,124,13,1
2078,,65,15,15
2079,,118,2,2
2080,,166,1,1
2081,,174,1,1
2082,,39,7,1
2083,,144,7,7
2084,,7,46,46
2085,,3,3,3
2086,,88,1,1
2087,,124,1,1
2088,,34,8,8
2089,,57,16,16
2090,,5,32,32
2091,,33,17,17
2092,,161,2,2
2093,,19,7,7
2094,,87,11,11
2095,,32,39,39
2096,,34,32,32
2097,,129,6,1
2098,,193,1,1
2099,,56,23,23
2100,,63,9,9
2101,,157,2,2
2102,,198,1,1
2103,,9,25,25
2104,,82,7,7
2105,,121,2,1
2106,,6,5,5
2107,,144,5,5
2108,,9,20,20
2109,,12,6,6
2110,,84,2,2
2111,,31,22,22
2112,,46,20,20
2113,,6,31,31
2114,,166,7,1
2115,,83,8,8
2116,,145,4,4
2117,,79,7,7
2118,,140,7,7
2119,,196,1,1
2120,,152,102,2
2121,,91,4,4
2122,,4,12,12
2123,,5,5,5
2124,,19,5,5
2125,,38,2,2
2126,,12,5,5
2127,,124,1,1
2128,,129,5,5
2129,,33,5,5
2130,,20,4,4
2131,,104,13,13
2132,,98,6,6
2133,,152,9,9
2134,,2,60,3
2135,,121,5,5
2136,,171,2,2
2137,,18,12,12
2138,,26,35,35
2139,,19,18,1
2140,,192,3,3
2141,,50,1,1
2142,,57,1,1
2143,,54,5,1
2144,,71,1,1
2145,,80,1,1
2146,,84,1,1
2147,,94,1,1
2148,,104,1,1
2149,,134,1,1
2150,,15,3,3
2151,,174,1,1
2152,,21,6,6
2153,,12,3,3
2154,,29,14,14
2155,,2,8,8
2156,,1,25,25
2157,,16,2,2
2158,,17,2,2
2159,,22,2,2
2160,,10,3,3
2161,,114,1,1
2162,,26,2,2
2163,,136,1,1
2164,,34,2,2
2165,,31,2,2
2166,,113,6,6
2167,,27,2,2
2168,,30,2,2
2169,,16,3,3
2170,,111,10,10
2171,,33,25,25
2172,,30,4,4
2173,,7,31,31
2174,,37,1,1
2175,,9,15,15
2176,,40,1,1
2177,,42,1,1
2178,,36,2,2
2179,,44,10,10
2180,,50,1,1
2181,,57,1,1
2182,,78,1,1
2183,,3,34,34
2184,,26,2,2
2185,,33,12,12
2186,,28,2,2
2187,,37,2,2
2188,,34,2,2
2189,,118,1,1
2190,,30,2,2
2191,,135,1,1
2192,,125,10,10
2193,,50,2,2
2194,,45,2,2
2195,,53,3,3
2196,,71,4,1
2197,,43,2,2
2198,,41,2,2
2199,,29,2,2
2200,,128,12,1
2201,,162,5,5
2202,,52,1,1
2203,,56,1,1
2204,,57,1,1
2205,,68,1,1
2206,,76,1,1
2207,,78,1,1
2208,,83,1,1
2209,,84,1,1
2210,,90,1,1
2211,,101,1,1
2212,,108,1,1
2213,,121,1,1
2214,,127,1,1
2215,,46,12,12
2216,,20,16,16
2217,,157,1,1
2218,,159,1,1
2219,,75,4,4
2220,,168,1,1
2221,,139,5,5
2222,,180,1,1
2223,,78,13,13
2224,,55,18,18
2225,,128,3,1
2226,,89,8,8
2227,,145,3,3
2228,,2,40,40
2229,,1,72,72
2230,,19,17,17
2231,,56,16,16
2232,,78,1,1
2233,,81,1,1
2234,,105,1,1
2235,,33,4,4
2236,,36,5,5
2237,,25,5,1
2238,,131,7,7
2239,,33,11,11
2240,,42,24,24
2241,,12,15,14
2242,,165,1,1
2243,,103,9,9
2244,,162,3,3
2245,,144,4,4
2246,,4,47,3
2247,,174,2,2
2248,,5,43,43
2249,,177,1,1
2250,,154,5,5
2251,,182,1,1
2252,,25,43,43
2253,,19,39,1
2254,,99,4,4
2255,,166,5,5
2256,,116,2,1
2257,,1,55,55
2258,,194,1,1
2259,,195,2,2
2260,,85,9,9
2261,,110,13,13
2262,,19,8,8
2263,,58,11,11
2264,,19,6,6
2265,,113,1,1
2266,,128,2,2
2267,,140,1,1
2268,,19,15,15
2269,,110,16,16
2270,,83,5,5
2271,,71,4,4
2272,,75,13,13
2273,,59,14,14
2274,,2,34,3
2275,,6,50,49
2276,,4,79,79
2277,,4,27,27
2278,,136,16,1
2279,,7,59,59
2280,,14,28,28
2281,,19,21,21
2282,,7,1,1
2283,,37,3,3
2284,,35,2,2
2285,,107,1,1
2286,,113,1,1
2287,,15,9,2
2288,,43,2,2
2289,,38,2,2
2290,,162,1,1
2291,,4,12,2
2292,,90,20,20
2293,,11,12,12
2294,,146,3,3
2295,,60,10,10
2296,,5,14,2
2297,,49,2,2
2298,,94,3,3
2299,,67,1,1
2300,,75,1,1
2301,,87,1,1
2302,,106,1,1
2303,,116,1,1
2304,,120,1,1
2305,,158,1,1
2306,,80,6,6
2307,,5,33,33
2308,,40,66,3
2309,,120,6,5
2310,,80,9,9
2311,,59,19,19
2312,,100,3,3
2313,,80,42,27
2314,,19,3,3
2315,,89,1,1
2316,,99,2,1
2317,,141,1,1
2318,,103,5,5
2319,,68,6,6
2320,,121,5,5
2321,,13,10,10
2322,,110,2,2
2323,,65,2,2
2324,,72,2,2
2325,,100,9,1
2326,,181,3,1
2327,,45,29,29
2328,,191,1,1
2329,,64,3,3
2330,,149,5,5
2331,,8,71,71
2332,,197,1,1
2333,,58,8,8
2334,,199,1,1
2335,,2,2,2
2336,,5,2,2
2337,,66,1,1
2338,,87,1,1
2339,,116,1,1
2340,,127,1,1
2341,,129,1,1
2342,,76,4,1
2343,,150,1,1
2344,,159,1,1
2345,,22,4,4
2346,,105,4,4
2347,,17,12,12
2348,,180,1,1
2349,,13,15,15
2350,,175,4,3
2351,,12,98,98
2352,,15,7,7
2353,,193,1,1
2354,,71,3,3
2355,,79,11,11
2356,,122,5,4
2357,,75,19,19
2358,,1,104,104
2359,,60,6,6
2360,,22,22,22
2361,,4,29,1
2362,,28,22,22
2363,,17,24,24
2364,,164,1,1
2365,,22,8,8
2366,,167,1,1
2367,,169,2,2
2368,,80,5,5
2369,,181,2,2
2370,,184,1,1
2371,,187,1,1
2372,,183,4,3
2373,,71,13,13
2374,,95,13,13
2375,,100,8,8
2376,,101,1,1
2377,,55,2,2
2378,,132,1,1
2379,,135,4,4
2380,,40,2,2
2381,,76,3,3
2382,,152,2,2
2383,,101,3,1
2384,,72,10,10
2385,,25,4,4
2386,,4,10,10
2387,,189,1,1
2388,,8,37,37
2389,,55,17,17
2390,,11,33,33
2391,,32,36,36
2392,,81,8,8
2393,,101,4,4
2394,,43,2,2
2395,,47,1,1
2396,,59,1,1
2397,,63,1,1
2398,,69,1,1
2399,,73,1,1
2400,,82,1,1
2401,,85,1,1
2402,,108,1,1
2403,,132,1,1
2404,,141,1,1
2405,,165,1,1
2406,,168,1,1
2407,,50,3,3
2408,,176,1,1
2409,,179,1,1
2410,,138,3,3
2411,,10,49,49
2412,,1,55,55
2413,,2,5,5
2414,,3,11,11
2415,,31,7,7
2416,,38,2,2
2417,,97,1,1
2418,,59,6,6
2419,,17,30,30
2420,,146,1,1
2421,,112,3,3
2422,,11,6,6
2423,,6,6,6
2424,,66,2,2
2425,,1,80,80
2426,,31,19,19
2427,,155,15,4
2428,,6,25,25
2429,,39,45,26
2430,,1,90,90
2431,,7,65,65
2432,,2,44,1
2433,,175,2,1
2434,,23,19,19
2435,,2,147,1
2436,,84,9,4
2437,,84,3,1
2438,,71,4,4
2439,,106,1,1
2440,,124,1,1
2441,,128,1,1
2442,,59,18,18
2443,,166,1,1
2444,,36,26,26
2445,,179,1,1
2446,,181,1,1
2447,,2,31,31
2448,,12,29,29
2449,,108,6,6
2450,,39,6,6
2451,,54,4,4
2452,,195,1,1
2453,,1,55,3
2454,,3,9,9
2455,,34,14,14
2456,,97,1,1
2457,,117,1,1
2458,,2,90,90
2459,,126,1,1
2460,,134,1,1
2461,,10,4,4
2462,,72,5,5
2463,,27,8,8
2464,,71,3,3
2465,,21,35,35
2466,,127,2,2
2467,,185,1,1
2468,,3,33,33
2469,,96,10,10
2470,,2,2,2
2471,,170,1,1
2472,,105,7,7
2473,,48,88,1
2474,,175,1,1
2475,,3,45,2
2476,,82,10,10
2477,,8,68,1
2478,,4,37,37
2479,,200,1,1
2480,,3,19,19
2481,,15,3,3
2482,,95,1,1
2483,,25,5,1
2484,,106,1,1
2485,,53,5,1
2486,,118,1,1
2487,,18,2,2
2488,,67,2,2
2489,,134,1,1
2490,,137,1,1
2491,,69,4,4
2492,,84,2,2
2493,,27,2,2
2494,,2,12,12
2495,,154,4,4
2496,,91,9,9
2497,,195,1,1
2498,,64,10,10
2499,,198,1,1
2500,,199,1,1
2501,,127,2,1
2502,,1,1,1
2503,,7,7,7
2504,,1,19,19
2505,,25,1,1
2506,,30,1,1
2507,,32,1,1
2508,,36,2,1
2509,,48,1,1
2510,,55,1,1
2511,,59,8,8
2512,,34,3,3
2513,,92,3,3
2514,,87,10,10
2515,,148,7,7
2516,,182,5,4
2517,,58,19,19
2518,,110,10,2
2519,,5,31,31
2520,,77,10,10
2521,,38,79,21
2522,,21,1,1
2523,,47,2,2
2524,,101,2,2
2525,,109,4,4
2526,,2,76,3
2527,,169,1,1
2528,,115,9,9
2529,,19,26,26
2530,,71,28,28
2531,,3,70,70
2532,,184,1,1
2533,,7,44,44
2534,,164,11,11
2535,,82,12,12
2536,,66,10,10
2537,,18,95,75
2538,,199,1,1
2539,,53,12,12
2540,,72,1,1
2541,,113,1,1
2542,,7,40,1
2543,,122,1,1
2544,,127,1,1
2545,,53,4,4
2546,,137,1,1
2547,,10,8,8
2548,,20,5,5
2549,,9,122,1
2550,,63,4,4
2551,,33,5,5
2552,,100,11,11
2553,,94,5,5
2554,,37,31,31
2555,,9,6,6
2556,,150,1,1
2557,,33,24,24
2558,,18,33,33
2559,,137,13,13
2560,,62,28,28
2561,,5,76,76
2562,,7,23,23
2563,,6,53,1
2564,,1,163,18
2565,,193,1,1
2566,,9,84,2
2567,,73,11,11
2568,,45,15,15
2569,,72,1,1
2570,,75,1,1
2571,,107,14,14
2572,,186,1,1
2573,,3,19,19
2574,,7,39,1
2575,,18,18,18
2576,,54,1,1
2577,,68,1,1
2578,,80,1,1
2579,,84,1,1
2580,,51,3,3
2581,,93,1,1
2582,,102,1,1
2583,,114,1,1
2584,,119,1,1
2585,,139,1,1
2586,,146,1,1
2587,,147,1,1
2588,,148,1,1
2589,,40,25,25
2590,,15,32,32
2591,,192,1,1
2592,,195,1,1
2593,,153,2,2
2594,,2,2,2
2595,,30,8,8
2596,,21,26,26
2597,,51,2,2
2598,,132,1,1
2599,,26,4,4
2600,,160,3,1
2601,,88,31,31
2602,,91,12,12
2603,,180,1,1
2604,,30,37,37
2605,,28,3,3
2606,,2,48,48
2607,,120,15,15
2608,,97,10,10
2609,,75,5,5
2610,,37,3,3
2611,,15,37,1
2612,,45,18,18
2613,,4,7,7
2614,,75,2,2
2615,,118,1,1
2616,,128,2,2
2617,,49,2,2
2618,,44,2,2
2619,,3,73,73
2620,,34,29,29
2621,,61,2,2
2622,,181,1,1
2623,,17,4,4
2624,,97,9,9
2625,,105,14,14
2626,,57,2,2
2627,,22,29,1
2628,,181,3,3
2629,,1,33,33
2630,,3,22,22
2631,,60,1,1
2632,,74,1,1
2633,,73,6,6
2634,,152,1,1
2635,,82,18,18
2636,,138,2,1
2637,,37,31,31
2638,,40,9,9
2639,,25,26,26
2640,,3,72,72
2641,,182,3,3
2642,,141,13,13
2643,,8,2,2
2644,,6,11,11
2645,,4,26,26
2646,,5,22,22
2647,,109,1,1
2648,,121,1,1
2649,,56,2,2
2650,,168,1,1
2651,,86,12,12
2652,,6,60,1
2653,,149,52,5
2654,,9,63,6
2655,,12,37,37
2656,,123,26,11
2657,,198,1,1
2658,,4,38,38
2659,,200,1,1
2660,,17,6,6
2661,,55,3,3
2662,,153,1,1
2663,,158,1,1
2664,,64,2,2
2665,,166,1,1
2666,,170,1,1
2667,,54,7,7
2668,,175,1,1
2669,,180,1,1
2670,,24,25,25
2671,,91,26,26
2672,,152,23,10
2673,,61,26,2
2674,,112,28,10
2675,,74,1,1
2676,,40,6,6
2677,,45,13,13
2678,,38,2,2
2679,,25,23,23
2680,,42,12,1
2681,,8,3,3
2682,,46,19,19
2683,,35,27,27
2684,,2,70,10
2685,,1,172,1
2686,,185,1,1
2687,,4,121,9
2688,,33,12,9
2689,,5,54,2
2690,,49,22,22
2691,,20,5,2
2692,,86,9,9
2693,,140,1,1
2694,,144,1,1
2695,,12,21,21
2696,,50,5,5
2697,,62,17,9
2698,,173,5,5
2699,,128,3,1
2700,,177,7,7
2701,,37,25,25
2702,,14,5,1
2703,,1,90,9
2704,,8,17,17
2705,,20,4,1
2706,,14,32,32
2707,,83,11,11
2708,,17,15,15
2709,,22,32,32
2710,,61,13,13
2711,,151,7,1
2712,,2,134,5
2713,,58,128,1
2714,,2,46,46
2715,,167,2,2
2716,,9,46,8
2717,,152,98,1
2718,,24,66,7
2719,,28,4,4
2720,,76,15,15
2721,,27,4,4
2722,,19,3,3
2723,,152,1,1
2724,,157,4,1
2725,,89,2,2
2726,,14,26,26
2727,,175,1,1
2728,,140,4,4
2729,,167,2,2
2730,,162,3,3
2731,,4,28,1
2732,,20,15,15
2733,,12,123,6
2734,,174,3,1
2735,,47,25,25
2736,,99,3,3
2737,,176,1,1
2738,,55,4,4
2739,,103,12,4
2740,,45,20,20
2741,,83,4,4
2742,,13,38,38
2743,,137,1,1
2744,,132,9,9
2745,,90,4,3
2746,,66,2,2
2747,,121,7,7
2748,,42,17,4
2749,,190,3,1
2750,,116,8,5
2751,,10,7,7
2752,,37,35,5
2753,,73,6,6
2754,,138,1,1
2755,,177,1,1
2756,,42,11,11
2757,,108,4,4
2758,,191,1,1
2759,,41,39,4
2760,,6,15,4
2761,,17,31,4
2762,,46,12,12
2763,,82,1,1
2764,,45,17,17
2765,,67,13,13
2766,,158,1,1
2767,,168,1,1
2768,,53,5,1
2769,,21,7,7
2770,,65,10,10
2771,,17,25,2
2772,,188,1,1
2773,,190,1,1
2774,,117,10,3
2775,,5,19,3
2776,,22,32,2
2777,,76,8,2
2778,,149,1,1
2779,,15,4,4
2780,,13,44,1
2781,,171,2,2
2782,,2,117,1
2783,,61,39,1
2784,,183,2,2
2785,,49,4,4
2786,,27,55,1
2787,,68,8,1
2788,,158,5,1
2789,,114,1,1
2790,,54,3,3
2791,,166,11,1
2792,,197,1,1
2793,,107,1,1
2794,,22,2,2
2795,,19,2,2
2796,,74,7,1
2797,,113,3,1
2798,,140,1,1
2799,,150,1,1
2800,,94,6,1
2801,,160,1,1
2802,,145,3,1
2803,,78,4,1
2804,,163,2,1
2805,,24,2,2
2806,,197,1,1
2807,,28,1,1
2808,,34,1,1
2809,,38,1,1
2810,,39,1,1
2811,,43,1,1
2812,,45,1,1
2813,,53,1,1
2814,,57,1,1
2815,,70,1,1
2816,,74,1,1
2817,,97,1,1
2818,,126,1,1
2819,,129,1,1
2820,,139,1,1
2821,,147,1,1
2822,,152,1,1
2823,,17,3,3
2824,,183,1,1
2825,,185,1,1
2826,,74,1,1
2827,,104,1,1
2828,,62,7,7
2829,,138,1,1
2830,,15,24,24
2831,,29,2,2
2832,,167,1,1
2833,,18,3,3
2834,,46,14,14
2835,,9,39,2
2836,,43,2,2
2837,,60,17,1
2838,,180,2,2
2839,,35,5,5
2840,,7,2,2
2841,,41,1,1
2842,,44,1,1
2843,,48,1,1
2844,,53,1,1
2845,,12,9,9
2846,,59,1,1
2847,,63,1,1
2848,,35,12,2
2849,,66,1,1
2850,,15,16,2
2851,,16,2,2
2852,,24,2,2
2853,,26,2,2
2854,,27,2,2
2855,,151,5,1
2856,,171,1,1
2857,,172,1,1
2858,,157,5,5
2859,,63,24,1
2860,,1,4,4
2861,,11,1,1
2862,,3,50,50
2863,,14,15,15
2864,,78,1,1
2865,,105,1,1
2866,,124,1,1
2867,,82,11,11
2868,,139,1,1
2869,,21,14,1
2870,,162,1,1
2871,,88,12,12
2872,,19,20,20
2873,,174,1,1
2874,,36,22,22
2875,,140,3,3
2876,,7,16,16
2877,,22,8,8
2878,,41,7,1
2879,,188,1,1
2880,,192,1,1
2881,,24,8,8
2882,,105,23,23
2883,,5,56,3
2884,,87,11,11
2885,,129,14,14
2886,,9,28,18
2887,,2,13,13
2888,,3,49,49
2889,,95,1,1
2890,,8,17,1
2891,,86,19,19
2892,,74,3,3
2893,,41,34,34
2894,,140,5,5
2895,,153,1,1
2896,,117,4,4
2897,,20,3,3
2898,,52,4,4
2899,,124,3,2
2900,,144,4,4
2901,,168,1,1
2902,,157,4,4
2903,,22,18,18
2904,,25,3,3
2905,,32,25,25
2906,,95,74,2
2907,,162,4,4
2908,,29,4,4
2909,,76,14,14
2910,,92,10,10
2911,,5,12,1
2912,,163,4,4
2913,,22,18,18
2914,,84,2,2
2915,,38,2,2
2916,,140,4,4
2917,,31,2,2
2918,,42,2,2
2919,,168,1,1
2920,,49,12,12
2921,,119,11,11
2922,,85,12,12
2923,,25,6,6
2924,,41,19,19
2925,,49,2,2
2926,,59,2,2
2927,,3,71,1
2928,,29,32,32
2929,,42,30,30
2930,,14,37,37
2931,,39,5,5
2932,,51,1,1
2933,,65,1,1
2934,,66,1,1
2935,,74,2,2
2936,,132,2,2
2937,,7,76,1
2938,,91,2,2
2939,,176,1,1
2940,,38,7,7
2941,,133,8,8
2942,,23,27,26
2943,,14,6,6
2944,,1,1,1
2945,,42,6,6
2946,,91,1,1
2947,,11,4,4
2948,,126,1,1
2949,,82,8,8
2950,,1,87,1
2951,,151,4,4
2952,,19,28,28
2953,,137,2,2
2954,,56,7,7
2955,,1,27,27
2956,,37,14,14
2957,,170,25,3
2958,,26,27,27
2959,,32,23,3
2960,,197,1,1
2961,,27,62,3
2962,,68,18,18
2963,,35,3,3
2964,,165,1,1
2965,,89,9,9
2966,,32,3,3
2967,,109,2,2
2968,,15,21,21
2969,,135,15,15
2970,,18,34,34
2971,,192,1,1
2972,,69,22,22
2973,,54,29,29
2974,,77,41,1
2975,,66,60,1
2976,,46,2,2
2977,,159,1,1
2978,,12,32,32
2979,,53,2,2
2980,,49,3,3
2981,,59,3,3
2982,,110,12,12
2983,,81,16,16
2984,,11,46,1
2985,,65,1,1
2986,,68,1,1
2987,,77,1,1
2988,,84,1,1
2989,,131,1,1
2990,,138,1,1
2991,,139,1,1
2992,,68,16,16
2993,,141,1,1
2994,,89,7,7
2995,,153,1,1
2996,,77,2,2
2997,,179,1,1
2998,,106,5,5
2999,,190,1,1
3000,,197,1,1
3001,,5,5,5
3002,,4,14,14
3003,,58,4,1
3004,,97,1,1
3005,,99,2,1
3006,,116,1,1
3007,,123,1,1
3008,,126,1,1
3009,,145,1,1
3010,,50,6,1
3011,,112,5,5
3012,,31,3,1
3013,,86,8,8
3014,,171,1,1
3015,,177,1,1
3016,,164,4,3
3017,,24,5,5
3018,,14,12,12
3019,,188,1,1
3020,,76,17,17
3021,,26,35,35
3022,,65,5,5
3023,,63,7,7
3024,,64,17,17
3025,,150,13,13
3026,,158,1,1
3027,,159,1,1
3028,,10,22,22
3029,,9,11,11
3030,,181,1,1
3031,,23,21,21
3032,,4,20,20
3033,,12,34,34
3034,,194,1,1
3035,,197,1,1
3036,,6,98,1
3037,,9,5,5
3038,,41,25,25
3039,,83,2,2
3040,,65,3,3
3041,,72,2,2
3042,,65,8,8
3043,,167,1,1
3044,,112,2,2
3045,,122,27,27
3046,,53,4,1
3047,,68,13,13
3048,,183,1,1
3049,,150,5,5
3050,,21,29,29
3051,,142,4,4
3052,,75,14,14
3053,,13,21,21
3054,,106,1,1
3055,,112,1,1
3056,,115,1,1
3057,,157,1,1
3058,,91,3,3
3059,,71,3,3
3060,,152,3,3
3061,,122,9,9
3062,,82,2,2
3063,,112,10,2
3064,,103,12,12
3065,,5,7,7
3066,,9,48,48
3067,,172,4,4
3068,,86,8,8
3069,,17,12,12
3070,,36,10,10
3071,,115,2,2
3072,,4,17,17
3073,,148,1,1
3074,,53,3,3
3075,,71,12,12
3076,,185,1,1
3077,,27,36,36
3078,,174,4,4
3079,,111,11,10
3080,,5,11,1
3081,,113,4,4
3082,,14,46,4
3083,,117,16,16
3084,,2,1,1
3085,,43,2,2
3086,,145,1,1
3087,,22,6,1
3088,,106,4,4
3089,,8,8,8
3090,,56,21,21
3091,,177,1,1
3092,,188,1,1
3093,,37,47,47
3094,,72,4,1
3095,,124,64,4
3096,,8,120,23
3097,,8,5,5
3098,,33,3,3
3099,,9,52,52
3100,,151,1,1
3101,,10,4,4
3102,,59,6,6
3103,,122,23,23
3104,,79,13,2
3105,,77,14,14
3106,,74,5,5
3107,,55,4,2
3108,,100,15,15
3109,,176,3,3
3110,,126,5,5
3111,,189,2,2
3112,,17,4,4
3113,,31,58,5
3114,,185,7,7
3115,,50,22,22
3116,,2,84,2
3117,,13,3,3
3118,,15,3,3
3119,,18,3,3
3120,,24,3,3
3121,,157,1,1
3122,,20,3,3
3123,,170,1,1
3124,,50,21,21
3125,,180,1,1
3126,,50,6,6
3127,,170,5,5
3128,,16,20,1
3129,,6,97,2
3130,,13,29,1
3131,,4,4,4
3132,,7,4,4
3133,,9,4,4
3134,,14,4,4
3135,,10,15,15
3136,,8,5,5
3137,,29,2,2
3138,,33,2,2
3139,,41,2,2
3140,,140,1,1
3141,,141,1,1
3142,,144,1,1
3143,,149,1,1
3144,,47,2,2
3145,,25,4,4
3146,,134,2,2
3147,,171,1,1
3148,,26,20,20
3149,,179,3,3
3150,,42,24,24
3151,,86,5,5
3152,,33,30,30
3153,,50,20,20
3154,,101,72,1
3155,,3,33,33
3156,,82,1,1
3157,,99,1,1
3158,,104,1,1
3159,,134,1,1
3160,,147,1,1
3161,,163,1,1
3162,,37,3,3
3163,,50,4,4
3164,,161,2,2
3165,,174,1,1
3166,,35,6,3
3167,,27,3,3
3168,,24,3,3
3169,,31,20,20
3170,,47,7,7
3171,,195,1,1
3172,,196,1,1
3173,,14,10,10
3174,,23,1,1
3175,,60,6,6
3176,,43,2,2
3177,,46,2,2
3178,,36,2,2
3179,,49,2,2
3180,,44,2,2
3181,,129,4,4
3182,,45,2,2
3183,,3,60,60
3184,,49,23,23
3185,,169,1,1
3186,,5,21,21
3187,,20,6,6
3188,,2,68,68
3189,,67,2,2
3190,,2,53,53
3191,,29,36,36
3192,,6,23,23
3193,,2,29,29
3194,,29,28,28
3195,,69,19,19
3196,,2,54,1
3197,,23,43,43
3198,,21,31,31
3199,,10,1,1
3200,,78,1,1
3201,,112,1,1
3202,,113,1,1
3203,,129,1,1
3204,,57,3,3
3205,,53,2,2
3206,,164,1,1
3207,,139,2,2
3208,,174,2,2
3209,,105,13,13
3210,,64,3,2
3211,,4,56,56
3212,,79,2,2
3213,,9,10,10
3214,,58,1,1
3215,,63,1,1
3216,,76,5,5
3217,,88,1,1
3218,,95,1,1
3219,,100,1,1
3220,,114,1,1
3221,,117,1,1
3222,,10,11,11
3223,,121,1,1
3224,,138,1,1
3225,,72,8,8
3226,,56,4,4
3227,,158,1,1
3228,,7,19,19
3229,,177,2,2
3230,,20,59,59
3231,,189,1,1
3232,,8,143,3
3233,,148,41,4
3234,,158,9,9
3235,,1,114,5
3236,,185,9,1
3237,,140,2,1
3238,,90,2,2
3239,,72,2,2
3240,,123,1,1
3241,,70,14,14
3242,,52,7,7
3243,,142,3,3
3244,,32,16,16
3245,,67,5,5
3246,,166,1,1
3247,,169,1,1
3248,,2,70,70
3249,,29,159,27
3250,,9,99,4
3251,,5,55,55
3252,,25,9,9
3253,,189,1,1
3254,,36,21,21
3255,,26,31,31
3256,,145,7,7
3257,,5,21,1
3258,,5,35,4
3259,,1,37,37
3260,,2,100,1
3261,,47,8,8
3262,,83,1,1
3263,,86,1,1
3264,,104,1,1
3265,,101,4,4
3266,,131,1,1
3267,,134,1,1
3268,,113,2,2
3269,,84,15,15
3270,,13,14,5
3271,,93,2,2
3272,,145,5,5
3273,,14,62,3
3274,,129,4,4
3275,,125,15,15
3276,,7,75,3
3277,,27,9,9
3278,,76,1,1
3279,,9,36,36
3280,,97,1,1
3281,,43,3,3
3282,,139,1,1
3283,,143,1,1
3284,,21,15,15
3285,,79,11,11
3286,,154,6,6
3287,,25,12,12
3288,,48,6,6
3289,,10,30,30
3290,,43,12,12
3291,,15,27,2
3292,,22,12,12
3293,,34,8,8
3294,,81,1,1
3295,,86,1,1
3296,,129,2,2
3297,,134,1,1
3298,,139,1,1
3299,,27,8,8
3300,,1,19,2
3301,,28,37,37
3302,,60,5,5
3303,,4,50,1
3304,,27,21,21
3305,,7,53,1
3306,,51,4,4
3307,,10,121,1
3308,,9,70,1
3309,,66,11,1
3310,,30,9,9
3311,,52,1,1
3312,,53,1,1
3313,,58,1,1
3314,,74,1,1
3315,,75,1,1
3316,,77,1,1
3317,,79,1,1
3318,,80,1,1
3319,,87,1,1
3320,,86,3,3
3321,,91,1,1
3322,,93,1,1
3323,,106,1,1
3324,,114,1,1
3325,,131,1,1
3326,,180,1,1
3327,,183,1,1
3328,,188,1,1
3329,,63,7,1
3330,,78,2,2
3331,,99,2,1
3332,,45,4,4
3333,,1,1,1
3334,,44,2,2
3335,,55,1,1
3336,,83,1,1
3337,,90,1,1
3338,,92,1,1
3339,,13,10,1
3340,,123,1,1
3341,,124,1,1
3342,,139,1,1
3343,,2,45,45
3344,,2,47,47
3345,,59,3,3
3346,,92,2,2
3347,,56,3,3
3348,,159,1,1
3349,,62,4,4
3350,,16,20,20
3351,,43,9,9
3352,,54,14,14
3353,,98,8,8
3354,,31,47,22
3355,,38,72,5
3356,,74,22,22
3357,,120,7,7
3358,,197,1,1
3359,,199,1,1
3360,,44,20,20
3361,,105,1,1
3362,,12,3,3
3363,,110,1,1
3364,,105,10,1
3365,,149,10,8
3366,,173,1,1
3367,,179,1,1
3368,,82,2,2
3369,,126,9,8
3370,,196,1,1
3371,,131,26,21
3372,,3,18,18
3373,,83,1,1
3374,,116,1,1
3375,,130,1,1
3376,,131,1,1
3377,,71,2,2
3378,,69,2,2
3379,,77,27,22
3380,,49,2,2
3381,,173,2,1
3382,,42,12,12
3383,,177,1,1
3384,,3,22,3
3385,,4,95,20
3386,,23,21,21
3387,,7,43,43
3388,,4,13,13
3389,,46,1,1
3390,,51,1,1
3391,,53,1,1
3392,,55,1,1
3393,,67,1,1
3394,,68,1,1
3395,,70,1,1
3396,,73,1,1
3397,,84,1,1
3398,,89,1,1
3399,,25,6,6
3400,,40,4,4
3401,,29,15,15
3402,,85,2,2
3403,,32,5,5
3404,,37,13,13
3405,,1,104,5
3406,,103,4,4
3407,,58,3,3
3408,,32,3,3
3409,,109,5,4
3410,,139,8,8
3411,,38,19,18
3412,,2,4,4
3413,,112,1,1
3414,,24,27,1
3415,,151,1,1
3416,,166,1,1
3417,,47,15,15
3418,,183,1,1
3419,,80,18,18
3420,,27,31,2
3421,,46,37,7
3422,,109,9,4
3423,,74,23,20
3424,,59,3,3
3425,,78,1,1
3426,,99,1,1
3427,,102,1,1
3428,,156,1,1
3429,,16,8,8
3430,,162,1,1
3431,,80,3,3
3432,,63,6,6
3433,,180,1,1
3434,,128,3,3
3435,,51,50,5
3436,,163,5,5
3437,,38,2,2
3438,,32,2,2
3439,,101,1,1
3440,,127,1,1
3441,,128,1,1
3442,,172,1,1
3443,,30,9,9
3444,,86,5,5
3445,,28,34,4
3446,,190,2,2
3447,,194,2,2
3448,,105,9,9
3449,,192,3,3
3450,,29,24,2
3451,,15,8,8
3452,,46,5,5
3453,,103,4,2
3454,,29,6,6
3455,,24,3,3
3456,,191,2,2
3457,,56,21,1
3458,,69,2,2
3459,,47,31,1
3460,,70,1,1
3461,,71,1,1
3462,,92,1,1
3463,,27,2,2
3464,,21,2,2
3465,,118,1,1
3466,,122,1,1
3467,,132,1,1
3468,,28,2,2
3469,,136,1,1
3470,,36,2,2
3471,,35,2,2
3472,,37,2,2
3473,,161,1,1
3474,,44,5,5
3475,,85,8,8
3476,,187,1,1
3477,,46,15,1
3478,,4,21,21
3479,,18,8,8
3480,,51,1,1
3481,,68,1,1
3482,,87,1,1
3483,,88,1,1
3484,,103,1,1
3485,,134,1,1
3486,,15,3,3
3487,,31,3,3
3488,,113,7,7
3489,,18,15,15
3490,,163,1,1
3491,,65,13,12
3492,,42,5,5
3493,,183,1,1
3494,,63,4,4
3495,,81,3,3
3496,,130,3,3
3497,,45,4,4
3498,,55,4,4
3499,,1,16,16
3500,,5,18,18
3501,,27,3,3
3502,,7,5,5
3503,,33,10,10
3504,,61,1,1
3505,,68,1,1
3506,,104,1,1
3507,,36,2,2
3508,,114,1,1
3509,,70,3,3
3510,,126,1,1
3511,,126,2,2
3512,,77,17,14
3513,,57,3,3
3514,,147,1,1
3515,,149,1,1
3516,,153,1,1
3517,,69,3,3
3518,,158,1,1
3519,,4,17,17
3520,,163,1,1
3521,,81,3,3
3522,,139,12,12
3523,,44,20,20
3524,,37,18,18
3525,,177,1,1
3526,,113,2,2
3527,,51,2,2
3528,,184,1,1
3529,,53,2,2
3530,,188,1,1
3531,,52,2,2
3532,,19,9,9
3533,,192,1,1
3534,,24,30,30
3535,,66,3,3
3536,,198,1,1
3537,,99,12,1
3538,,55,6,6
3539,,60,1,1
3540,,61,1,1
3541,,64,1,1
3542,,68,1,1
3543,,73,1,1
3544,,93,1,1
3545,,102,1,1
3546,,46,2,2
3547,,122,1,1
3548,,26,15,15
3549,,140,1,1
3550,,141,1,1
3551,,34,3,3
3552,,99,2,2
3553,,108,3,3
3554,,65,2,2
3555,,159,1,1
3556,,167,1,1
3557,,18,43,1
3558,,53,4,4
3559,,105,6,6
3560,,104,2,2
3561,,114,5,5
3562,,10,35,35
3563,,10,87,1
3564,,30,21,1
3565,,149,5,5
3566,,50,20,20
3567,,12,9,9
3568,,53,24,24
3569,,27,13,1
3570,,49,1,1
3571,,106,1,1
3572,,123,1,1
3573,,75,6,1
3574,,47,2,2
3575,,151,1,1
3576,,91,15,15
3577,,108,2,2
3578,,139,9,9
3579,,25,20,20
3580,,18,12,12
3581,,103,2,2
3582,,123,8,6
3583,,36,15,15
3584,,128,2,2
3585,,58,2,2
3586,,184,1,1
3587,,185,1,1
3588,,103,7,7
3589,,15,34,1
3590,,4,35,6
3591,,52,24,24
3592,,8,43,43
3593,,19,23,23
3594,,16,45,45
3595,,2,58,58
3596,,15,2,2
3597,,10,14,14
3598,,42,1,1
3599,,54,1,1
3600,,56,1,1
3601,,67,1,1
3602,,74,1,1
3603,,75,1,1
3604,,79,1,1
3605,,84,1,1
3606,,56,16,16
3607,,104,1,1
3608,,109,1,1
3609,,120,1,1
3610,,154,4,1
3611,,128,9,9
3612,,11,30,5
3613,,155,4,1
3614,,182,1,1
3615,,48,22,22
3616,,77,23,5
3617,,186,1,1
3618,,60,25,25
3619,,27,29,29
3620,,21,33,5
3621,,196,1,1
3622,,31,2,2
3623,,57,1,1
3624,,61,1,1
3625,,64,1,1
3626,,65,1,1
3627,,45,3,3
3628,,79,1,1
3629,,31,2,2
3630,,85,1,1
3631,,86,1,1
3632,,96,1,1
3633,,103,1,1
3634,,116,1,1
3635,,122,1,1
3636,,135,1,1
3637,,19,5,5
3638,,139,1,1
3639,,141,1,1
3640,,67,2,2
3641,,160,1,1
3642,,164,1,1
3643,,80,4,4
3644,,68,3,3
3645,,175,1,1
3646,,14,6,6
3647,,3,36,4
3648,,61,3,3
3649,,187,1,1
3650,,193,1,1
3651,,15,34,4
3652,,1,117,2
3653,,7,1,1
3654,,2,6,6
3655,,105,1,1
3656,,45,14,14
3657,,120,1,1
3658,,16,7,7
3659,,29,16,16
3660,,70,2,2
3661,,155,1,1
3662,,45,2,2
3663,,20,26,26
3664,,85,21,7
3665,,6,21,2
3666,,157,11,7
3667,,10,35,35
3668,,54,8,8
3669,,26,42,42
3670,,30,46,46
3671,,31,34,7
3672,,51,5,5
3673,,10,51,3
3674,,75,5,5
3675,,33,15,15
3676,,192,1,1
3677,,2,55,55
3678,,2,55,7
3679,,11,29,29
3680,,103,1,1
3681,,113,5,5
3682,,128,1,1
3683,,22,3,3
3684,,136,1,1
3685,,120,3,3
3686,,76,3,3
3687,,31,21,21
3688,,183,1,1
3689,,131,10,6
3690,,22,22,22
3691,,11,56,1
3692,,2,30,1
3693,,7,32,2
3694,,27,12,12
3695,,67,46,2
3696,,6,35,2
3697,,32,22,22
3698,,26,2,2
3699,,30,2,2
3700,,38,2,2
3701,,99,7,7
3702,,32,2,2
3703,,129,1,1
3704,,44,2,2
3705,,164,1,1
3706,,171,1,1
3707,,9,14,14
3708,,187,1,1
3709,,50,8,1
3710,,31,35,1
3711,,59,27,1
3712,,52,2,2
3713,,49,1,1
3714,,57,1,1
3715,,62,1,1
3716,,69,1,1
3717,,70,1,1
3718,,71,1,1
3719,,72,1,1
3720,,73,1,1
3721,,74,1,1
3722,,83,1,1
3723,,90,1,1
3724,,91,1,1
3725,,94,1,1
3726,,98,1,1
3727,,100,1,1
3728,,102,1,1
3729,,113,1,1
3730,,115,1,1
3731,,118,1,1
3732,,139,1,1
3733,,148,1,1
3734,,155,1,1
3735,,157,1,1
3736,,16,39,39
3737,,167,1,1
3738,,168,1,1
3739,,18,1,1
3740,,24,1,1
3741,,27,9,9
3742,,87,1,1
3743,,90,1,1
3744,,4,67,67
3745,,107,1,1
3746,,111,1,1
3747,,119,1,1
3748,,51,9,9
3749,,56,14,3
3750,,56,8,8
3751,,161,1,1
3752,,166,1,1
3753,,37,15,3
3754,,6,19,19
3755,,152,3,1
3756,,31,18,18
3757,,182,3,2
3758,,187,1,1
3759,,11,43,3
3760,,117,5,3
3761,,5,61,3
3762,,195,1,1
3763,,196,1,1
3764,,27,87,3
3765,,1,62,3
3766,,1,12,12
3767,,19,15,15
3768,,9,11,11
3769,,105,5,5
3770,,36,2,2
3771,,39,2,2
3772,,38,2,2
3773,,48,7,2
3774,,99,13,2
3775,,30,20,1
3776,,18,42,1
3777,,66,19,2
3778,,10,27,1
3779,,91,3,2
3780,,7,64,1
3781,,19,14,14
3782,,72,1,1
3783,,27,7,7
3784,,81,7,1
3785,,143,1,1
3786,,120,4,1
3787,,13,25,1
3788,,3,40,1
3789,,102,2,1
3790,,51,38,1
3791,,113,4,1
3792,,2,104,1
3793,,196,1,1
3794,,1,114,1
3795,,152,7,1
3796,,33,6,1
3797,,13,14,4
3798,,40,13,4
3799,,37,13,4
3800,,35,10,4
3801,,50,4,3
3802,,62,5,2
3803,,64,10,3
3804,,80,7,2
3805,,99,2,1
3806,,109,3,1
3807,,113,5,1
3808,,134,1,1
3809,,145,2,1
3810,,157,1,1
3811,,165,1,1
3812,,174,2,1
3813,,178,1,1
3814,,176,3,1
3815,,187,1,1
3816,,131,3,1
3817,,190,2,1
3818,,45,1,1
3819,,61,1,1
3820,,67,1,1
3821,,74,1,1
3822,,87,1,1
3823,,89,1,1
3824,,97,1,1
3825,,33,7,7
3826,,84,19,2
3827,,34,23,2
3828,,17,1,1
3829,,18,4,4
3830,,10,14,3
3831,,5,9,9
3832,,36,3,3
3833,,98,2,1
3834,,78,11,1
3835,,114,1,1
3836,,134,1,1
3837,,136,1,1
3838,,50,3,3
3839,,18,41,2
3840,,178,1,1
3841,,30,19,19
3842,,196,1,1
3843,,22,13,13
3844,,71,1,1
3845,,4,6,6
3846,,47,12,12
3847,,28,19,19
3848,,58,2,2
3849,,152,1,1
3850,,52,6,6
3851,,89,5,5
3852,,158,1,1
3853,,82,2,2
3854,,165,1,1
3855,,167,4,4
3856,,7,13,13
3857,,50,6,6
3858,,77,10,10
3859,,4,13,13
3860,,101,3,3
3861,,3,18,18
3862,,5,13,13
3863,,32,12,12
3864,,110,1,1
3865,,126,2,1
3866,,63,3,3
3867,,53,9,9
3868,,133,6,4
3869,,72,2,2
3870,,82,13,13
3871,,167,3,3
3872,,170,1,1
3873,,172,3,3
3874,,40,6,6
3875,,3,11,11
3876,,30,23,23
3877,,111,21,21
3878,,171,3,3
3879,,22,26,26
3880,,19,32,1
3881,,5,6,6
3882,,85,1,1
3883,,86,1,1
3884,,99,8,8
3885,,42,14,14
3886,,52,4,4
3887,,132,2,2
3888,,67,18,18
3889,,62,3,3
3890,,164,1,1
3891,,81,9,9
3892,,141,6,6
3893,,120,11,11
3894,,87,12,12
3895,,68,16,16
3896,,32,27,27
3897,,197,1,1
3898,,175,8,4
3899,,93,7,7
3900,,6,3,3
3901,,49,1,1
3902,,63,1,1
3903,,37,2,2
3904,,80,7,7
3905,,80,5,5
3906,,135,1,1
3907,,89,2,2
3908,,157,3,2
3909,,52,4,4
3910,,65,13,13
3911,,127,2,2
3912,,47,4,4
3913,,156,5,5
3914,,180,2,2
3915,,46,13,13
3916,,65,4,2
3917,,40,30,30
3918,,25,46,46
3919,,27,21,21
3920,,28,15,15
3921,,49,6,6
3922,,30,14,14
3923,,81,7,7
3924,,14,2,2
3925,,12,2,2
3926,,16,2,2
3927,,23,2,2
3928,,25,2,2
3929,,61,8,8
3930,,132,2,2
3931,,168,1,1
3932,,162,7,7
3933,,46,12,12
3934,,90,13,13
3935,,44,18,18
3936,,22,23,23
3937,,115,3,2
3938,,82,14,14
3939,,112,13,1
3940,,35,7,7
3941,,4,28,28
3942,,31,1,1
3943,,34,1,1
3944,,35,1,1
3945,,43,1,1
3946,,56,1,1
3947,,3,7,7
3948,,48,5,5
3949,,119,11,11
3950,,69,6,6
3951,,157,1,1
3952,,180,1,1
3953,,90,12,12
3954,,81,17,17
3955,,13,8,8
3956,,4,42,1
3957,,52,1,1
3958,,8,24,24
3959,,66,9,9
3960,,108,1,1
3961,,129,1,1
3962,,132,1,1
3963,,69,5,5
3964,,87,3,3
3965,,17,7,7
3966,,28,31,31
3967,,112,12,12
3968,,94,6,6
3969,,55,45,3
3970,,153,2,2
3971,,31,10,10
3972,,17,34,34
3973,,18,39,39
3974,,24,29,29
3975,,57,2,2
3976,,119,9,9
3977,,151,1,1
3978,,82,4,4
3979,,25,29,29
3980,,104,12,12
3981,,112,3,3
3982,,66,21,21
3983,,4,28,28
3984,,6,66,1
3985,,199,1,1
3986,,64,18,18
3987,,70,3,3
3988,,106,6,6
3989,,140,1,1
3990,,143,1,1
3991,,58,3,3
3992,,157,1,1
3993,,19,5,5
3994,,169,1,1
3995,,150,3,3
3996,,9,13,13
3997,,64,17,17
3998,,13,52,1
3999,,81,2,2
4000,,3,18,18
4001,,35,2,2
4002,,65,7,7
4003,,111,1,1
4004,,82,9,9
4005,,114,1,1
4006,,78,7,7
4007,,32,8,8
4008,,54,4,4
4009,,111,14,14
4010,,19,23,23
4011,,97,12,12
4012,,181,1,1
4013,,22,4,4
4014,,57,15,15
4015,,27,4,4
4016,,25,4,4
4017,,18,31,31
4018,,70,25,25
4019,,1,51,51
4020,,78,1,1
4021,,108,1,1
4022,,109,1,1
4023,,154,1,1
4024,,132,3,1
4025,,112,7,7
4026,,7,5,5
4027,,39,3,3
4028,,16,29,29
4029,,2,33,33
4030,,140,9,9
4031,,41,29,29
4032,,98,13,13
4033,,42,2,2
4034,,44,2,2
4035,,134,1,1
4036,,74,2,2
4037,,162,1,1
4038,,20,4,4
4039,,59,15,15
4040,,54,15,15
4041,,133,6,6
4042,,53,3,3
4043,,38,20,20
4044,,112,2,2
4045,,72,16,16
4046,,61,4,3
4047,,34,43,1
4048,,1,2,2
4049,,4,1,1
4050,,5,1,1
4051,,6,1,1
4052,,7,1,1
4053,,1,47,47
4054,,13,1,1
4055,,17,1,1
4056,,19,1,1
4057,,22,1,1
4058,,2,38,38
4059,,25,1,1
4060,,27,1,1
4061,,7,12,12
4062,,39,1,1
4063,,42,1,1
4064,,44,1,1
4065,,8,18,18
4066,,74,1,1
4067,,82,1,1
4068,,107,2,2
4069,,91,2,2
4070,,26,3,3
4071,,101,8,8
4072,,9,16,16
4073,,83,7,7
4074,,68,4,4
4075,,33,23,23
4076,,7,9,9
4077,,156,3,3
4078,,2,80,2
4079,,2,1,1
4080,,1,46,46
4081,,52,1,1
4082,,2,37,37
4083,,79,2,2
4084,,30,2,2
4085,,31,2,2
4086,,33,6,2
4087,,35,2,2
4088,,37,2,2
4089,,125,1,1
4090,,42,2,2
4091,,141,2,1
4092,,159,1,1
4093,,162,1,1
4094,,165,1,1
4095,,171,1,1
4096,,50,2,2
4097,,98,3,3
4098,,38,4,4
4099,,155,10,2
4100,,2,74,74
4101,,192,1,1
4102,,38,33,33
4103,,20,127,1
4104,,52,2,2
4105,,199,1,1
4106,,3,13,13
4107,,57,1,1
4108,,65,1,1
4109,,73,1,1
4110,,78,2,2
4111,,95,4,4
4112,,114,1,1
4113,,136,2,2
4114,,149,1,1
4115,,161,1,1
4116,,82,7,7
4117,,137,62,11
4118,,6,67,67
4119,,39,23,23
4120,,168,3,3
4121,,32,6,1
4122,,13,1,1
4123,,4,10,10
4124,,2,17,17
4125,,27,9,9
4126,,60,23,23
4127,,11,31,31
4128,,23,13,13
4129,,173,1,1
4130,,19,64,64
4131,,11,41,41
4132,,33,28,28
4133,,185,1,1
4134,,6,82,82
4135,,23,43,29
4136,,19,43,43
4137,,18,12,12
4138,,5,52,5
4139,,119,11,11
4140,,6,12,12
4141,,67,6,6
4142,,22,11,11
4143,,59,8,8
4144,,118,1,1
4145,,119,4,4
4146,,33,4,4
4147,,15,5,5
4148,,38,18,18
4149,,33,27,27
4150,,13,10,10
4151,,168,1,1
4152,,138,2,2
4153,,119,10,10
4154,,182,1,1
4155,,71,16,16
4156,,193,1,1
4157,,58,3,3
4158,,97,22,22
4159,,60,3,3
4160,,39,6,6
4161,,41,10,10
4162,,33,18,18
4163,,39,20,20
4164,,165,1,1
4165,,173,1,1
4166,,76,7,7
4167,,179,1,1
4168,,58,2,2
4169,,12,30,30
4170,,21,30,30
4171,,196,1,1
4172,,28,5,5
4173,,186,2,1
4174,,33,35,1
4175,,48,1,1
4176,,54,8,8
4177,,53,6,6
4178,,152,1,1
4179,,104,2,2
4180,,139,2,2
4181,,167,1,1
4182,,47,12,12
4183,,172,1,1
4184,,42,3,3
4185,,183,1,1
4186,,187,1,1
4187,,191,1,1
4188,,62,2,2
4189,,1,5,5
4190,,2,16,16
4191,,10,6,6
4192,,4,12,12
4193,,3,20,20
4194,,68,2,2
4195,,1,43,43
4196,,121,8,8
4197,,141,2,2
4198,,101,2,2
4199,,159,1,1
4200,,160,2,2
4201,,58,13,13
4202,,36,14,14
4203,,181,1,1
4204,,66,3,3
4205,,101,21,21
4206,,174,2,2
4207,,99,2,2
4208,,98,10,1
4209,,3,12,12
4210,,96,13,1
4211,,17,5,5
4212,,62,1,1
4213,,63,1,1
4214,,71,1,1
4215,,83,1,1
4216,,86,1,1
4217,,1,42,42
4218,,50,5,5
4219,,154,1,1
4220,,118,2,2
4221,,28,4,4
4222,,117,2,2
4223,,182,1,1
4224,,50,27,27
4225,,17,36,36
4226,,197,1,1
4227,,26,53,4
4228,,199,1,1
4229,,20,30,30
4230,,1,9,9
4231,,4,2,2
4232,,9,7,7
4233,,46,1,1
4234,,81,1,1
4235,,97,2,1
4236,,108,1,1
4237,,127,1,1
4238,,130,1,1
4239,,140,1,1
4240,,3,10,10
4241,,160,1,1
4242,,162,1,1
4243,,107,4,4
4244,,180,1,1
4245,,98,9,9
4246,,79,2,2
4247,,80,3,3
4248,,35,38,28
4249,,148,37,2
4250,,3,39,39
4251,,19,10,10
4252,,95,1,1
4253,,102,1,1
4254,,114,1,1
4255,,122,1,1
4256,,137,1,1
4257,,138,1,1
4258,,145,1,1
4259,,147,1,1
4260,,156,1,1
4261,,157,1,1
4262,,68,12,12
4263,,162,2,2
4264,,121,10,10
4265,,109,18,18
4266,,45,29,29
4267,,85,4,4
4268,,57,3,3
4269,,1,52,6
4270,,11,3,3
4271,,74,1,1
4272,,38,23,23
4273,,146,1,1
4274,,157,1,1
4275,,92,17,17
4276,,131,2,2
4277,,167,1,1
4278,,18,6,6
4279,,52,3,3
4280,,44,5,5
4281,,182,1,1
4282,,166,3,3
4283,,65,5,5
4284,,188,1,1
4285,,16,13,13
4286,,19,34,31
4287,,4,78,78
4288,,191,2,1
4289,,52,22,22
4290,,45,3,3
4291,,68,1,1
4292,,41,3,3
4293,,105,1,1
4294,,109,1,1
4295,,129,1,1
4296,,133,1,1
4297,,147,1,1
4298,,84,2,2
4299,,142,2,2
4300,,127,5,5
4301,,177,1,1
4302,,21,26,26
4303,,2,61,61
4304,,13,12,12
4305,,46,3,3
4306,,55,16,1
4307,,161,9,1
4308,,73,17,17
4309,,70,30,25
4310,,80,1,1
4311,,42,5,5
4312,,127,1,1
4313,,58,7,1
4314,,35,4,4
4315,,62,4,4
4316,,154,1,1
4317,,16,47,5
4318,,158,1,1
4319,,160,1,1
4320,,65,7,4
4321,,140,5,5
4322,,178,1,1
4323,,18,87,6
4324,,59,17,17
4325,,192,1,1
4326,,47,4,4
4327,,135,4,4
4328,,19,47,47
4329,,200,1,1
4330,,4,9,9
4331,,2,14,14
4332,,44,7,7
4333,,108,1,1
4334,,122,1,1
4335,,6,55,55
4336,,137,1,1
4337,,144,1,1
4338,,149,1,1
4339,,34,7,7
4340,,161,1,1
4341,,164,1,1
4342,,169,1,1
4343,,122,5,5
4344,,181,1,1
4345,,25,3,3
4346,,42,4,4
4347,,57,5,5
4348,,22,25,1
4349,,11,42,42
4350,,4,8,8
4351,,98,3,3
4352,,42,3,3
4353,,92,13,13
4354,,132,6,5
4355,,94,2,2
4356,,149,1,1
4357,,21,13,13
4358,,140,4,3
4359,,168,1,1
4360,,44,2,2
4361,,20,15,15
4362,,149,6,6
4363,,188,1,1
4364,,26,37,37
4365,,97,13,13
4366,,136,3,1
4367,,17,8,8
4368,,4,67,1
4369,,200,1,1
4370,,27,7,7
4371,,51,1,1
4372,,58,1,1
4373,,64,1,1
4374,,67,1,1
4375,,69,1,1
4376,,74,1,1
4377,,103,1,1
4378,,11,28,28
4379,,110,1,1
4380,,115,1,1
4381,,119,1,1
4382,,139,1,1
4383,,137,3,3
4384,,151,1,1
4385,,31,5,5
4386,,59,2,2
4387,,116,5,5
4388,,168,1,1
4389,,86,3,1
4390,,170,1,1
4391,,176,1,1
4392,,66,4,4
4393,,191,1,1
4394,,2,3,3
4395,,18,19,19
4396,,18,11,11
4397,,124,1,1
4398,,58,6,6
4399,,139,1,1
4400,,152,3,3
4401,,29,16,16
4402,,104,10,10
4403,,58,11,11
4404,,178,2,2
4405,,183,1,1
4406,,68,34,20
4407,,53,36,36
4408,,46,7,1
4409,,143,4,4
4410,,104,3,3
4411,,23,7,7
4412,,122,2,2
4413,,114,21,2
4414,,23,34,34
4415,,37,27,27
4416,,78,4,2
4417,,3,1,1
4418,,17,10,10
4419,,24,55,55
4420,,154,4,4
4421,,79,2,2
4422,,25,9,9
4423,,121,2,2
4424,,7,51,1
4425,,31,6,6
4426,,92,10,10
4427,,30,40,40
4428,,164,2,2
4429,,35,46,46
4430,,12,46,1
4431,,49,1,1
4432,,62,3,3
4433,,34,25,25
4434,,12,41,41
4435,,73,7,7
4436,,99,3,3
4437,,23,5,5
4438,,138,1,1
4439,,159,1,1
4440,,75,3,1
4441,,37,5,5
4442,,148,7,7
4443,,131,6,6
4444,,148,6,6
4445,,158,4,4
4446,,74,23,23
4447,,33,3,3
4448,,116,14,14
4449,,31,1,1
4450,,33,11,11
4451,,81,9,9
4452,,34,2,2
4453,,120,1,1
4454,,37,2,2
4455,,49,2,2
4456,,88,2,2
4457,,51,2,2
4458,,76,4,4
4459,,100,3,3
4460,,34,33,33
4461,,8,49,49
4462,,35,6,6
4463,,129,6,6
4464,,105,2,2
4465,,63,10,10
4466,,126,4,4
4467,,1,43,43
4468,,139,5,2
4469,,16,27,27
4470,,8,53,2
4471,,71,1,1
4472,,34,4,4
4473,,160,2,2
4474,,119,5,5
4475,,60,2,2
4476,,114,19,16
4477,,40,4,4
4478,,73,8,8
4479,,179,1,1
4480,,3,25,25
4481,,130,9,9
4482,,156,14,14
4483,,196,1,1
4484,,37,13,1
4485,,52,11,11
4486,,93,1,1
4487,,102,1,1
4488,,106,1,1
4489,,121,1,1
4490,,112,2,2
4491,,139,1,1
4492,,141,1,1
4493,,52,2,2
4494,,150,1,1
4495,,160,1,1
4496,,162,1,1
4497,,118,4,4
4498,,179,1,1
4499,,182,1,1
4500,,71,22,22
4501,,185,1,1
4502,,93,3,3
4503,,130,2,2
4504,,185,3,3
4505,,46,24,24
4506,,193,1,1
4507,,196,1,1
4508,,73,22,15
4509,,12,76,1
4510,,91,16,15
4511,,86,2,2
4512,,17,8,8
4513,,34,4,4
4514,,33,8,8
4515,,34,2,2
4516,,112,1,1
4517,,20,4,4
4518,,125,1,1
4519,,80,2,2
4520,,107,6,6
4521,,50,5,5
4522,,96,2,2
4523,,48,7,7
4524,,5,8,8
4525,,56,14,14
4526,,180,1,1
4527,,110,14,14
4528,,7,8,8
4529,,29,28,28
4530,,139,3,3
4531,,59,24,24
4532,,47,4,4
4533,,162,6,6
4534,,50,22,22
4535,,18,40,40
4536,,19,80,1
4537,,2,9,9
4538,,15,4,4
4539,,12,23,23
4540,,93,1,1
4541,,97,1,1
4542,,117,1,1
4543,,67,2,2
4544,,131,1,1
4545,,154,1,1
4546,,111,2,2
4547,,8,7,7
4548,,8,15,15
4549,,167,5,5
4550,,180,1,1
4551,,65,6,6
4552,,66,6,6
4553,,191,1,1
4554,,57,14,14
4555,,28,23,23
4556,,75,2,2
4557,,9,7,7
4558,,11,29,23
4559,,12,35,35
4560,,59,2,2
4561,,91,13,12
4562,,78,2,2
4563,,156,1,1
4564,,158,1,1
4565,,38,14,14
4566,,106,3,3
4567,,173,1,1
4568,,82,2,2
4569,,133,3,3
4570,,63,16,12
4571,,37,21,21
4572,,32,67,4
4573,,41,28,12
4574,,181,2,1
4575,,47,1,1
4576,,99,1,1
4577,,133,2,2
4578,,135,2,2
4579,,152,1,1
4580,,154,1,1
4581,,166,1,1
4582,,158,5,5
4583,,11,5,5
4584,,54,3,3
4585,,63,4,4
4586,,188,1,1
4587,,27,25,25
4588,,2,26,26
4589,,14,27,27
4590,,195,1,1
4591,,6,57,57
4592,,1,20,20
4593,,20,3,3
4594,,79,1,1
4595,,106,1,1
4596,,118,1,1
4597,,129,1,1
4598,,145,1,1
4599,,149,3,3
4600,,14,4,4
4601,,172,1,1
4602,,124,17,10
4603,,17,27,27
4604,,71,14,14
4605,,10,91,10
4606,,191,1,1
4607,,88,8,2
4608,,68,27,27
4609,,1,26,26
4610,,197,1,1
4611,,12,15,15
4612,,33,17,17
4613,,119,1,1
4614,,21,3,3
4615,,31,5,5
4616,,24,3,3
4617,,151,1,1
4618,,159,1,1
4619,,46,6,6
4620,,166,4,4
4621,,171,1,1
4622,,120,2,2
4623,,128,2,2
4624,,175,1,1
4625,,176,1,1
4626,,177,1,1
4627,,124,4,4
4628,,89,24,24
4629,,190,1,1
4630,,8,71,4
4631,,66,3,3
4632,,2,33,33
4633,,37,6,6
4634,,73,1,1
4635,,65,2,2
4636,,12,6,6
4637,,32,8,7
4638,,136,5,5
4639,,2,27,27
4640,,115,3,3
4641,,16,19,3
4642,,77,13,13
4643,,83,7,7
4644,,52,35,35
4645,,45,29,29
4646,,192,1,1
4647,,10,11,11
4648,,25,38,8
4649,,126,1,1
4650,,98,4,4
4651,,84,3,3
4652,,52,4,4
4653,,2,30,30
4654,,176,1,1
4655,,177,1,1
4656,,74,7,7
4657,,3,57,2
4658,,57,6,6
4659,,192,1,1
4660,,95,10,10
4661,,183,2,1
4662,,164,3,3
4663,,22,18,18
4664,,1,3,3
4665,,1,14,14
4666,,79,1,1
4667,,8,8,8
4668,,125,1,1
4669,,133,1,1
4670,,69,23,23
4671,,6,13,13
4672,,81,2,2
4673,,47,7,7
4674,,34,25,6
4675,,11,49,6
4676,,165,2,2
4677,,11,37,6
4678,,9,51,6
4679,,191,1,1
4680,,5,68,1
4681,,55,3,3
4682,,66,5,5
4683,,59,15,15
4684,,21,14,5
4685,,163,1,1
4686,,139,4,4
4687,,87,8,5
4688,,121,15,5
4689,,187,1,1
4690,,66,12,12
4691,,1,21,5
4692,,1,42,5
4693,,112,10,6
4694,,134,1,1
4695,,50,12,12
4696,,115,6,6
4697,,171,1,1
4698,,9,49,4
4699,,129,5,3
4700,,106,3,3
4701,,22,38,4
4702,,86,2,2
4703,,3,48,4
4704,,98,18,4
4705,,197,1,1
4706,,39,72,1
4707,,79,2,2
4708,,154,1,1
4709,,12,35,3
4710,,176,1,1
4711,,153,3,3
4712,,56,23,23
4713,,178,2,1
4714,,105,4,4
4715,,27,14,3
4716,,30,29,3
4717,,151,3,3
4718,,20,27,3
4719,,83,3,3
4720,,47,10,2
4721,,20,6,1
4722,,1,32,1
4723,,27,20,1
4724,,26,6,2
4725,,15,25,1
4726,,40,8,1
4727,,10,6,6
4728,,147,2,1
4729,,154,1,1
4730,,163,1,1
4731,,2,19,1
4732,,140,2,1
4733,,168,3,1
4734,,4,34,1
4735,,18,64,1
4736,,45,17,1
4737,,193,1,1
4738,,18,36,1
4739,,25,25,1
4740,,21,8,4
4741,,23,11,5
4742,,35,6,4
4743,,40,9,4
4744,,64,7,4
4745,,96,3,2
4746,,135,1,1
4747,,141,1,1
4748,,161,1,1
4749,,168,1,1
4750,,177,1,1
4751,,184,1,1
4752,,188,1,1
4753,,189,1,1
4754,,190,1,1
4755,,193,1,1
4756,,195,1,1
4757,,97,1,1
4758,,138,1,1
4759,,26,2,2
4760,,199,1,1
4761,,5,8,8
4762,,3,9,9
4763,,39,1,1
4764,,52,1,1
4765,,56,1,1
4766,,59,1,1
4767,,70,1,1
4768,,76,1,1
4769,,125,4,2
4770,,48,3,3
4771,,23,12,12
4772,,126,5,2
4773,,88,6,6
4774,,27,29,1
4775,,17,14,14
4776,,4,21,21
4777,,3,30,30
4778,,6,4,4
4779,,2,20,20
4780,,26,12,12
4781,,34,4,4
4782,,99,1,1
4783,,83,7,7
4784,,18,8,2
4785,,120,1,1
4786,,123,1,1
4787,,132,2,2
4788,,136,1,1
4789,,96,2,2
4790,,52,6,6
4791,,162,1,1
4792,,165,1,1
4793,,87,5,5
4794,,103,20,20
4795,,174,1,1
4796,,82,11,2
4797,,48,30,30
4798,,191,1,1
4799,,75,3,3
4800,,78,10,10
4801,,195,1,1
4802,,197,1,1
4803,,25,8,2
4804,,8,28,28
4805,,54,4,4
4806,,26,6,6
4807,,149,1,1
4808,,79,3,3
4809,,45,14,14
4810,,84,17,17
4811,,65,4,4
4812,,63,9,2
4813,,144,3,3
4814,,173,1,1
4815,,150,7,7
4816,,112,18,18
4817,,168,3,3
4818,,97,7,6
4819,,115,11,11
4820,,199,1,1
4821,,30,9,9
4822,,133,1,1
4823,,108,14,14
4824,,124,8,8
4825,,170,1,1
4826,,39,24,24
4827,,66,18,18
4828,,84,11,11
4829,,53,12,12
4830,,162,3,3
4831,,23,9,9
4832,,175,6,6
4833,,158,3,3
4834,,81,20,1
4835,,134,2,2
4836,,25,5,5
4837,,40,2,2
4838,,23,8,8
4839,,54,2,2
4840,,63,2,2
4841,,119,2,1
4842,,124,1,1
4843,,126,1,1
4844,,130,1,1
4845,,132,2,2
4846,,138,1,1
4847,,140,1,1
4848,,142,1,1
4849,,151,1,1
4850,,165,1,1
4851,,150,5,5
4852,,186,1,1
4853,,191,1,1
4854,,192,1,1
4855,,25,9,9
4856,,2,8,8
4857,,20,16,16
4858,,12,23,23
4859,,52,2,2
4860,,84,1,1
4861,,97,1,1
4862,,105,1,1
4863,,129,2,2
4864,,133,1,1
4865,,145,1,1
4866,,116,2,2
4867,,66,16,16
4868,,160,1,1
4869,,73,19,19
4870,,23,14,6
4871,,4,6,6
4872,,156,3,3
4873,,179,1,1
4874,,42,15,15
4875,,47,15,15
4876,,191,1,1
4877,,175,4,4
4878,,96,11,4
4879,,197,1,1
4880,,37,19,19
4881,,23,6,6
4882,,34,12,12
4883,,73,18,18
4884,,128,1,1
4885,,140,1,1
4886,,96,2,2
4887,,5,61,61
4888,,129,5,4
4889,,179,1,1
4890,,93,13,13
4891,,183,2,2
4892,,67,14,14
4893,,19,5,5
4894,,56,33,33
4895,,20,32,32
4896,,190,1,1
4897,,51,14,14
4898,,168,3,3
4899,,24,28,28
4900,,196,1,1
4901,,197,1,1
4902,,198,1,1
4903,,22,37,37
4904,,7,6,6
4905,,62,7,7
4906,,81,1,1
4907,,123,1,1
4908,,132,1,1
4909,,37,2,2
4910,,141,1,1
4911,,120,7,7
4912,,75,6,6
4913,,76,4,3
4914,,3,8,8
4915,,174,1,1
4916,,175,1,1
4917,,180,1,1
4918,,181,1,1
4919,,6,4,4
4920,,34,79,2
4921,,196,1,1
4922,,197,1,1
4923,,14,8,8
4924,,9,46,2
4925,,12,5,5
4926,,41,7,7
4927,,68,1,1
4928,,80,1,1
4929,,2,67,67
4930,,144,1,1
4931,,138,3,3
4932,,160,1,1
4933,,161,1,1
4934,,13,3,3
4935,,80,14,14
4936,,134,5,5
4937,,3,78,1
4938,,31,35,35
4939,,2,16,16
4940,,63,2,2
4941,,70,27,27
4942,,170,2,2
4943,,63,21,21
4944,,88,16,16
4945,,51,60,1
4946,,3,44,1
4947,,112,9,9
4948,,143,57,1
4949,,26,2,2
4950,,59,3,1
4951,,113,5,5
4952,,121,1,1
4953,,79,3,1
4954,,23,2,2
4955,,129,1,1
4956,,132,1,1
4957,,139,1,1
4958,,142,5,5
4959,,145,1,1
4960,,149,1,1
4961,,111,5,1
4962,,29,2,2
4963,,153,1,1
4964,,158,1,1
4965,,115,7,7
4966,,91,3,1
4967,,171,1,1
4968,,172,1,1
4969,,178,1,1
4970,,111,7,7
4971,,186,1,1
4972,,43,6,5
4973,,192,1,1
4974,,12,6,6
4975,,119,6,6
4976,,36,7,7
4977,,47,1,1
4978,,49,3,3
4979,,62,1,1
4980,,66,1,1
4981,,68,1,1
4982,,69,1,1
4983,,79,1,1
4984,,89,1,1
4985,,98,1,1
4986,,104,1,1
4987,,105,1,1
4988,,25,16,16
4989,,118,1,1
4990,,127,1,1
4991,,128,1,1
4992,,139,1,1
4993,,143,1,1
4994,,147,1,1
4995,,162,1,1
4996,,71,4,4
4997,,177,1,1
4998,,181,1,1
4999,,7,5,5
5000,,192,1,1
5001,,84,22,22
5002,,165,6,6
5003,,87,12,12
5004,,76,10,10
5005,,16,4,4
5006,,91,2,2
5007,,157,1,1
5008,,42,7,7
5009,,109,7,7
5010,,173,1,1
5011,,52,22,22
5012,,178,1,1
5013,,179,1,1
5014,,19,30,30
5015,,29,28,28
5016,,183,1,1
5017,,136,2,2
5018,,158,8,8
5019,,97,5,4
5020,,194,2,2
5021,,130,4,1
5022,,197,1,1
5023,,22,35,35
5024,,71,2,2
5025,,23,3,3
5026,,111,2,2
5027,,28,3,3
5028,,129,1,1
5029,,138,1,1
5030,,141,1,1
5031,,95,9,9
5032,,39,3,3
5033,,88,8,8
5034,,59,4,4
5035,,176,1,1
5036,,153,11,11
5037,,7,17,17
5038,,149,18,4
5039,,29,5,5
5040,,54,7,7
5041,,82,1,1
5042,,107,1,1
5043,,110,1,1
5044,,44,2,2
5045,,88,7,7
5046,,37,2,2
5047,,20,25,25
5048,,101,5,5
5049,,150,1,1
5050,,162,1,1
5051,,45,2,2
5052,,169,1,1
5053,,11,11,11
5054,,177,1,1
5055,,182,2,2
5056,,42,18,18
5057,,15,20,20
5058,,147,20,9
5059,,7,26,26
5060,,198,1,1
5061,,76,25,25
5062,,166,5,1
5063,,28,3,3
5064,,50,2,2
5065,,75,6,1
5066,,42,17,17
5067,,160,1,1
5068,,81,18,18
5069,,2,28,1
5070,,22,12,12
5071,,43,36,36
5072,,77,9,9
5073,,179,3,3
5074,,17,51,51
5075,,22,5,5
5076,,194,1,1
5077,,155,3,3
5078,,119,1,1
5079,,45,2,2
5080,,127,1,1
5081,,51,2,2
5082,,137,1,1
5083,,48,3,3
5084,,91,8,8
5085,,52,2,2
5086,,97,8,8
5087,,158,1,1
5088,,160,1,1
5089,,14,10,1
5090,,172,1,1
5091,,19,4,4
5092,,71,4,4
5093,,35,4,4
5094,,27,4,4
5095,,182,1,1
5096,,37,10,10
5097,,111,4,4
5098,,191,1,1
5099,,4,38,38
5100,,28,21,21
5101,,199,1,1
5102,,25,8,8
5103,,53,1,1
5104,,60,1,1
5105,,65,2,1
5106,,68,1,1
5107,,70,1,1
5108,,77,1,1
5109,,91,1,1
5110,,63,13,13
5111,,91,4,4
5112,,167,1,1
5113,,9,31,31
5114,,28,3,3
5115,,25,3,3
5116,,185,1,1
5117,,47,10,10
5118,,66,12,12
5119,,57,18,18
5120,,7,40,40
5121,,52,24,24
5122,,129,15,15
5123,,194,1,1
5124,,2,5,5
5125,,2,17,17
5126,,111,1,1
5127,,7,21,21
5128,,32,2,2
5129,,129,2,2
5130,,58,11,1
5131,,41,2,2
5132,,46,2,2
5133,,145,1,1
5134,,52,2,2
5135,,157,1,1
5136,,47,2,2
5137,,66,15,15
5138,,3,11,11
5139,,172,1,1
5140,,173,1,1
5141,,176,1,1
5142,,43,2,2
5143,,93,5,4
5144,,180,1,1
5145,,58,9,9
5146,,52,11,11
5147,,22,6,6
5148,,20,45,17
5149,,38,24,24
5150,,27,16,16
5151,,67,1,1
5152,,22,8,8
5153,,66,2,2
5154,,179,2,1
5155,,33,40,40
5156,,76,13,13
5157,,34,20,20
5158,,7,56,10
5159,,109,11,11
5160,,21,47,47
5161,,141,2,2
5162,,24,9,9
5163,,88,5,5
5164,,112,5,5
5165,,43,31,31
5166,,58,2,2
5167,,107,6,6
5168,,132,3,3
5169,,79,9,8
5170,,63,11,10
5171,,167,5,4
5172,,6,5,5
5173,,58,15,15
5174,,65,29,29
5175,,21,46,46
5176,,160,3,3
5177,,50,22,22
5178,,15,62,62
5179,,24,23,23
5180,,1,57,57
5181,,30,29,2
5182,,9,5,5
5183,,48,10,7
5184,,22,52,1
5185,,119,8,8
5186,,108,7,7
5187,,5,62,1
5188,,75,5,2
5189,,19,21,21
5190,,122,1,1
5191,,19,4,4
5192,,148,1,1
5193,,157,1,1
5194,,59,2,2
5195,,102,3,3
5196,,79,2,2
5197,,169,14,2
5198,,51,15,15
5199,,4,13,13
5200,,75,26,26
5201,,160,8,8
5202,,1,3,3
5203,,2,3,3
5204,,1,3,3
5205,,1,26,26
5206,,1,15,15
5207,,7,8,8
5208,,11,3,3
5209,,6,3,3
5210,,16,76,76
5211,,9,3,3
5212,,8,64,64
5213,,19,3,3
5214,,34,3,3
5215,,40,3,3
5216,,8,3,3
5217,,12,3,3
5218,,31,3,3
5219,,18,3,3
5220,,86,5,4
5221,,39,3,3
5222,,24,3,3
5223,,71,5,5
5224,,38,3,3
5225,,134,5,5
5226,,111,8,3
5227,,51,49,39
5228,,107,2,2
5229,,35,3,3
5230,,146,4,1
5231,,3,9,9
5232,,4,9,9
5233,,48,9,9
5234,,45,8,8
5235,,63,8,7
5236,,97,2,2
5237,,36,2,2
5238,,129,1,1
5239,,37,2,2
5240,,147,1,1
5241,,46,2,2
5242,,55,2,2
5243,,21,10,10
5244,,54,2,2
5245,,74,14,14
5246,,15,59,59
5247,,5,6,6
5248,,4,27,27
5249,,9,11,11
5250,,11,11,11
5251,,123,5,5
5252,,52,8,8
5253,,1,64,64
5254,,167,2,1
5255,,17,35,35
5256,,79,36,3
5257,,170,9,5
5258,,21,46,1
5259,,1,12,12
5260,,1,23,23
5261,,26,5,5
5262,,6,22,22
5263,,47,2,2
5264,,16,73,73
5265,,80,1,1
5266,,8,61,61
5267,,9,23,23
5268,,7,32,32
5269,,21,3,3
5270,,92,5,2
5271,,38,17,17
5272,,13,10,10
5273,,75,11,8
5274,,109,3,1
5275,,3,36,36
5276,,12,79,79
5277,,20,38,10
5278,,112,2,2
5279,,10,9,9
5280,,130,6,6
5281,,7,50,4
5282,,163,1,1
5283,,75,5,2
5284,,61,15,15
5285,,165,2,2
5286,,172,1,1
5287,,55,29,1
5288,,9,38,38
5289,,51,46,36
5290,,26,18,15
5291,,28,11,11
5292,,86,7,7
5293,,29,24,24
5294,,1,63,63
5295,,60,33,33
5296,,21,32,32
5297,,6,10,10
5298,,30,5,5
5299,,198,1,1
5300,,18,40,40
5301,,6,3,3
5302,,40,2,2
5303,,89,2,1
5304,,138,1,1
5305,,72,5,5
5306,,158,1,1
5307,,39,2,2
5308,,61,3,1
5309,,173,1,1
5310,,58,10,10
5311,,27,7,7
5312,,13,8,8
5313,,4,41,41
5314,,94,4,1
5315,,23,8,8
5316,,2,27,27
5317,,200,1,1
5318,,5,2,2
5319,,12,9,9
5320,,51,1,1
5321,,52,1,1
5322,,59,1,1
5323,,65,1,1
5324,,20,2,2
5325,,16,2,2
5326,,18,2,2
5327,,117,1,1
5328,,23,2,2
5329,,5,41,41
5330,,23,8,3
5331,,25,20,20
5332,,51,4,4
5333,,109,14,14
5334,,3,19,19
5335,,27,11,11
5336,,55,27,4
5337,,5,58,4
5338,,21,32,32
5339,,20,69,69
5340,,16,24,24
5341,,18,7,7
5342,,125,8,8
5343,,10,17,17
5344,,28,25,25
5345,,16,7,7
5346,,1,20,20
5347,,113,1,1
5348,,87,2,2
5349,,102,18,18
5350,,66,3,3
5351,,19,39,7
5352,,137,2,2
5353,,187,1,1
5354,,19,6,6
5355,,23,32,32
5356,,149,8,1
5357,,16,38,1
5358,,35,71,1
5359,,38,21,21
5360,,88,1,1
5361,,96,1,1
5362,,116,1,1
5363,,120,1,1
5364,,133,1,1
5365,,135,1,1
5366,,138,1,1
5367,,143,1,1
5368,,150,1,1
5369,,82,2,2
5370,,168,1,1
5371,,170,1,1
5372,,172,1,1
5373,,176,1,1
5374,,29,52,52
5375,,60,2,2
5376,,66,4,4
5377,,183,1,1
5378,,107,2,2
5379,,195,1,1
5380,,48,20,20
5381,,7,9,9
5382,,28,3,3
5383,,114,1,1
5384,,117,1,1
5385,,119,1,1
5386,,124,1,1
5387,,126,1,1
5388,,131,1,1
5389,,25,4,4
5390,,137,1,1
5391,,109,11,11
5392,,27,4,4
5393,,170,1,1
5394,,1,47,47
5395,,33,4,4
5396,,108,6,6
5397,,55,24,1
5398,,15,33,33
5399,,190,2,1
5400,,7,25,25
5401,,39,31,31
5402,,133,13,1
5403,,151,5,5
5404,,40,6,6
5405,,55,1,1
5406,,52,10,10
5407,,74,1,1
5408,,26,12,9
5409,,91,1,1
5410,,103,1,1
5411,,17,28,28
5412,,115,1,1
5413,,125,1,1
5414,,128,1,1
5415,,131,2,2
5416,,135,1,1
5417,,16,4,4
5418,,138,1,1
5419,,147,1,1
5420,,12,4,4
5421,,169,1,1
5422,,177,1,1
5423,,107,17,17
5424,,25,4,4
5425,,180,1,1
5426,,142,17,17
5427,,17,4,4
5428,,14,17,17
5429,,27,19,19
5430,,40,52,52
5431,,194,1,1
5432,,122,3,3
5433,,197,1,1
5434,,150,2,2
5435,,33,27,27
5436,,78,1,1
5437,,106,2,1
5438,,116,2,2
5439,,85,2,2
5440,,49,2,2
5441,,120,4,1
5442,,66,21,21
5443,,26,3,3
5444,,5,55,55
5445,,23,3,3
5446,,165,1,1
5447,,113,10,10
5448,,156,7,7
5449,,181,1,1
5450,,47,5,5
5451,,22,20,20
5452,,37,34,34
5453,,116,6,6
5454,,11,60,60
5455,,30,37,37
5456,,15,31,31
5457,,50,9,9
5458,,74,4,4
5459,,18,2,2
5460,,37,2,2
5461,,8,5,5
5462,,36,2,2
5463,,30,2,2
5464,,171,1,1
5465,,124,3,3
5466,,45,2,2
5467,,183,1,1
5468,,51,4,4
5469,,52,42,1
5470,,34,12,12
5471,,87,17,17
5472,,52,27,27
5473,,6,5,5
5474,,2,9,9
5475,,1,32,32
5476,,47,1,1
5477,,51,1,1
5478,,67,1,1
5479,,76,1,1
5480,,110,1,1
5481,,117,1,1
5482,,120,1,1
5483,,17,32,32
5484,,45,2,2
5485,,144,2,1
5486,,111,2,2
5487,,149,1,1
5488,,56,6,6
5489,,70,3,3
5490,,34,14,14
5491,,152,4,4
5492,,168,1,1
5493,,171,1,1
5494,,23,5,5
5495,,45,24,24
5496,,162,2,2
5497,,183,1,1
5498,,179,3,2
5499,,93,18,12
5500,,158,4,4
5501,,63,14,14
5502,,18,30,29
5503,,193,1,1
5504,,14,54,54
5505,,198,1,1
5506,,77,3,3
5507,,2,8,8
5508,,60,4,4
5509,,14,13,13
5510,,56,5,5
5511,,16,3,3
5512,,17,3,3
5513,,75,2,2
5514,,78,2,2
5515,,58,35,35
5516,,21,3,3
5517,,86,16,16
5518,,2,56,16
5519,,1,69,69
5520,,34,25,25
5521,,148,4,4
5522,,42,20,20
5523,,6,32,32
5524,,66,2,2
5525,,113,11,11
5526,,187,1,1
5527,,189,1,1
5528,,97,16,16
5529,,30,8,8
5530,,15,30,30
5531,,196,1,1
5532,,147,3,3
5533,,161,2,2
5534,,199,1,1
5535,,2,51,51
5536,,3,12,12
5537,,113,1,1
5538,,117,1,1
5539,,129,1,1
5540,,120,6,6
5541,,107,2,2
5542,,33,37,37
5543,,74,5,5
5544,,146,4,4
5545,,9,65,65
5546,,69,21,21
5547,,9,47,47
5548,,2,58,58
5549,,73,15,15
5550,,66,30,30
5551,,155,2,2
5552,,96,24,24
5553,,200,1,1
5554,,3,11,11
5555,,79,2,2
5556,,89,1,1
5557,,60,21,21
5558,,55,22,22
5559,,120,5,5
5560,,24,10,10
5561,,138,1,1
5562,,22,15,15
5563,,21,36,36
5564,,54,32,32
5565,,28,8,8
5566,,55,3,3
5567,,86,6,6
5568,,188,1,1
5569,,2,67,67
5570,,4,62,2
5571,,61,35,35
5572,,109,2,2
5573,,18,34,34
5574,,25,4,4
5575,,67,21,21
5576,,63,2,2
5577,,93,14,8
5578,,136,5,5
5579,,184,2,1
5580,,86,18,18
5581,,137,14,13
5582,,45,3,3
5583,,50,18,18
5584,,51,5,5
5585,,5,58,58
5586,,45,32,32
5587,,100,58,30
5588,,7,55,1
5589,,2,40,1
5590,,87,1,1
5591,,53,10,10
5592,,113,1,1
5593,,124,1,1
5594,,126,1,1
5595,,141,1,1
5596,,113,9,9
5597,,168,1,1
5598,,66,2,2
5599,,60,3,3
5600,,38,50,50
5601,,70,5,5
5602,,58,2,2
5603,,197,1,1
5604,,10,2,2
5605,,14,8,8
5606,,62,1,1
5607,,67,19,19
5608,,76,1,1
5609,,78,1,1
5610,,85,1,1
5611,,87,1,1
5612,,56,2,2
5613,,91,1,1
5614,,70,4,4
5615,,111,1,1
5616,,113,6,6
5617,,71,23,23
5618,,38,5,5
5619,,167,1,1
5620,,17,47,47
5621,,92,11,11
5622,,95,11,11
5623,,106,33,33
5624,,70,16,15
5625,,11,45,45
5626,,2,30,30
5627,,193,1,1
5628,,160,11,11
5629,,62,5,5
5630,,51,5,5
5631,,14,36,36
5632,,34,1,1
5633,,29,11,11
5634,,40,2,2
5635,,153,1,1
5636,,50,16,16
5637,,112,7,7
5638,,3,46,10
5639,,46,22,22
5640,,136,10,2
5641,,2,55,55
5642,,60,6,6
5643,,5,38,38
5644,,5,55,3
5645,,6,54,54
5646,,122,2,2
5647,,30,12,12
5648,,90,1,1
5649,,99,16,16
5650,,76,3,3
5651,,31,7,7
5652,,47,3,3
5653,,190,1,1
5654,,74,17,17
5655,,38,39,39
5656,,47,13,13
5657,,157,26,6
5658,,110,8,8
5659,,159,8,2
5660,,2,7,7
5661,,8,43,43
5662,,16,55,55
5663,,51,28,18
5664,,90,2,2
5665,,66,13,13
5666,,36,11,11
5667,,153,2,2
5668,,114,2,2
5669,,112,5,5
5670,,15,31,31
5671,,68,26,23
5672,,19,5,5
5673,,1,22,22
5674,,14,4,4
5675,,8,42,42
5676,,16,54,54
5677,,134,1,1
5678,,117,4,4
5679,,51,27,17
5680,,25,6,6
5681,,185,1,1
5682,,148,18,1
5683,,42,36,36
5684,,36,19,19
5685,,197,1,1
5686,,152,6,6
5687,,199,1,1
5688,,13,5,5
5689,,115,1,1
5690,,117,3,3
5691,,121,2,1
5692,,55,2,2
5693,,2,46,6
5694,,80,2,2
5695,,154,5,5
5696,,9,51,2
5697,,23,43,6
5698,,1,24,24
5699,,71,45,40
5700,,86,4,4
5701,,28,45,1
5702,,29,39,1
5703,,44,23,6
5704,,100,14,14
5705,,3,56,1
5706,,1,20,20
5707,,45,1,1
5708,,81,1,1
5709,,92,1,1
5710,,122,1,1
5711,,130,1,1
5712,,137,6,5
5713,,152,1,1
5714,,159,1,1
5715,,25,4,4
5716,,182,1,1
5717,,188,1,1
5718,,116,2,2
5719,,2,56,56
5720,,101,22,22
5721,,34,13,13
5722,,71,4,4
5723,,121,1,1
5724,,132,1,1
5725,,164,1,1
5726,,71,9,9
5727,,175,1,1
5728,,37,18,4
5729,,159,4,4
5730,,46,42,42
5731,,112,19,19
5732,,29,33,4
5733,,176,3,3
5734,,189,3,3
5735,,66,17,4
5736,,193,1,1
5737,,194,1,1
5738,,36,13,13
5739,,197,1,1
5740,,162,8,4
5741,,103,1,1
5742,,109,1,1
5743,,119,1,1
5744,,134,1,1
5745,,136,1,1
5746,,138,1,1
5747,,146,1,1
5748,,166,2,2
5749,,111,5,5
5750,,3,32,32
5751,,24,41,3
5752,,117,4,4
5753,,56,15,3
5754,,13,19,3
5755,,56,20,3
5756,,2,48,3
5757,,200,1,1
5758,,2,23,23
5759,,19,1,1
5760,,36,5,5
5761,,92,5,5
5762,,72,37,37
5763,,105,22,22
5764,,13,9,9
5765,,15,14,2
5766,,18,31,2
5767,,105,3,3
5768,,173,4,1
5769,,9,51,2
5770,,90,36,1
5771,,132,19,2
5772,,39,50,1
5773,,142,6,6
5774,,25,47,1
5775,,13,36,1
5776,,31,36,1
5777,,169,1,1
5778,,177,2,1
5779,,180,1,1
5780,,52,34,1
5781,,96,10,1
5782,,4,47,1
5783,,198,1,1
5784,,18,6,5
5785,,24,6,5
5786,,25,6,5
5787,,32,4,4
5788,,42,6,5
5789,,55,6,5
5790,,56,5,4
5791,,68,5,4
5792,,94,2,1
5793,,97,1,1
5794,,106,1,1
5795,,114,3,1
5796,,120,1,1
5797,,126,3,2
5798,,127,1,1
5799,,1,18,18
5800,,150,1,1
5801,,167,1,1
5802,,174,1,1
5803,,178,1,1
5804,,7,44,44
5805,,37,1,1
5806,,60,1,1
5807,,61,1,1
5808,,74,1,1
5809,,88,2,2
5810,,92,1,1
5811,,98,1,1
5812,,109,1,1
5813,,137,1,1
5814,,138,1,1
5815,,141,1,1
5816,,150,1,1
5817,,154,1,1
5818,,155,1,1
5819,,157,1,1
5820,,169,1,1
5821,,84,2,2
5822,,191,1,1
5823,,18,2,2
5824,,34,11,10
5825,,15,29,29
5826,,51,4,3
5827,,13,5,5
5828,,9,48,48
5829,,159,1,1
5830,,166,3,1
5831,,11,8,8
5832,,54,13,13
5833,,110,9,9
5834,,199,1,1
5835,,56,17,17
5836,,71,7,7
5837,,157,1,1
5838,,143,3,3
5839,,165,1,1
5840,,126,7,7
5841,,28,9,9
5842,,145,5,5
5843,,47,3,1
5844,,97,3,3
5845,,129,12,12
5846,,38,34,34
5847,,1,14,14
5848,,13,13,13
5849,,70,39,39
5850,,92,4,4
5851,,78,18,18
5852,,165,1,1
5853,,174,2,2
5854,,10,20,20
5855,,178,2,2
5856,,91,44,44
5857,,114,13,13
5858,,173,5,5
5859,,177,3,3
5860,,62,49,49
5861,,158,3,3
5862,,59,30,30
5863,,11,6,6
5864,,55,28,28
5865,,56,14,14
5866,,142,1,1
5867,,158,1,1
5868,,62,42,42
5869,,62,4,4
5870,,114,12,12
5871,,82,12,12
5872,,142,13,12
5873,,79,15,15
5874,,54,30,30
5875,,26,47,2
5876,,37,20,20
5877,,21,48,48
5878,,117,30,30
5879,,7,28,28
5880,,47,2,2
5881,,54,9,9
5882,,73,2,2
5883,,81,2,2
5884,,83,12,12
5885,,164,4,2
5886,,73,23,23
5887,,111,2,2
5888,,49,18,18
5889,,50,46,1
5890,,196,2,2
5891,,106,22,22
5892,,30,8,8
5893,,32,11,11
5894,,61,14,14
5895,,105,1,1
5896,,61,3,3
5897,,117,1,1
5898,,118,1,1
5899,,120,1,1
5900,,130,2,2
5901,,150,1,1
5902,,154,1,1
5903,,158,1,1
5904,,159,1,1
5905,,110,9,9
5906,,131,14,14
5907,,184,1,1
5908,,5,9,9
5909,,1,8,8
5910,,61,2,2
5911,,5,37,37
5912,,46,4,4
5913,,143,1,1
5914,,88,4,4
5915,,83,2,2
5916,,41,24,24
5917,,121,3,3
5918,,146,4,4
5919,,31,22,22
5920,,160,4,1
5921,,33,24,24
5922,,136,4,4
5923,,136,13,13
5924,,57,14,14
5925,,8,29,29
5926,,87,45,45
5927,,25,45,45
5928,,56,10,10
5929,,78,13,13
5930,,121,1,1
5931,,107,11,1
5932,,52,6,6
5933,,144,1,1
5934,,87,6,6
5935,,172,1,1
5936,,73,38,38
5937,,181,1,1
5938,,136,12,12
5939,,72,34,34
5940,,20,44,44
5941,,199,1,1
5942,,40,5,5
5943,,29,24,24
5944,,125,1,1
5945,,149,5,5
5946,,154,1,1
5947,,143,4,4
5948,,185,1,1
5949,,193,1,1
5950,,147,15,4
5951,,29,28,28
5952,,19,17,17
5953,,177,4,4
5954,,19,25,25
5955,,35,9,9
5956,,66,8,8
5957,,83,10,10
5958,,145,30,11
5959,,177,1,1
5960,,75,13,13
5961,,71,26,26
5962,,13,42,42
5963,,6,22,22
5964,,87,4,4
5965,,72,4,4
5966,,9,38,38
5967,,84,9,9
5968,,106,7,7
5969,,121,2,1
5970,,104,11,10
5971,,78,17,17
5972,,22,41,41
5973,,32,37,37
5974,,39,31,1
5975,,197,1,1
5976,,21,41,41
5977,,159,5,5
5978,,115,12,12
5979,,7,12,12
5980,,62,2,2
5981,,75,11,11
5982,,90,24,24
5983,,70,30,30
5984,,7,20,20
5985,,150,1,1
5986,,161,2,2
5987,,120,6,1
5988,,185,1,1
5989,,51,12,12
5990,,99,16,16
5991,,13,40,40
5992,,31,31,31
5993,,178,5,5
5994,,134,9,9
5995,,19,11,11
5996,,22,11,11
5997,,126,18,18
5998,,150,8,8
5999,,91,13,13
6000,,18,39,39
6001,,7,39,39
6002,,197,1,1
6003,,38,36,36
6004,,79,5,5
6005,,52,15,15
6006,,62,27,27
6007,,16,38,38
6008,,77,23,23
6009,,64,37,2
6010,,17,36,36
6011,,186,5,2
6012,,14,38,38
6013,,13,1,1
6014,,103,2,2
6015,,99,13,13
6016,,88,2,2
6017,,120,5,5
6018,,159,3,3
6019,,95,17,17
6020,,32,37,37
6021,,38,17,17
6022,,40,36,1
6023,,58,30,30
6024,,180,3,1
6025,,197,1,1
6026,,121,1,1
6027,,126,1,1
6028,,129,1,1
6029,,133,1,1
6030,,137,1,1
6031,,115,6,6
6032,,146,1,1
6033,,155,1,1
6034,,160,1,1
6035,,173,1,1
6036,,176,1,1
6037,,115,10,10
6038,,180,1,1
6039,,195,1,1
6040,,199,1,1
6041,,200,1,1
6042,,10,22,22
6043,,72,17,17
6044,,52,12,12
6045,,121,1,1
6046,,115,9,9
6047,,20,35,35
6048,,83,12,12
6049,,165,2,2
6050,,82,23,1
6051,,71,35,35
6052,,170,4,4
6053,,113,4,4
6054,,13,23,23
6055,,27,34,4
6056,,33,19,19
6057,,155,7,7
6058,,74,17,17
6059,,108,14,14
6060,,141,14,14
6061,,154,5,5
6062,,154,1,1
6063,,163,1,1
6064,,107,15,15
6065,,138,23,23
6066,,42,7,4
6067,,184,1,1
6068,,103,12,12
6069,,132,2,2
6070,,27,34,34
6071,,197,1,1
6072,,19,26,26
6073,,49,5,5
6074,,127,10,10
6075,,19,33,33
6076,,129,10,10
6077,,25,33,33
6078,,7,26,26
6079,,54,32,2
6080,,43,32,2
6081,,99,23,23
6082,,49,33,33
6083,,10,16,2
6084,,48,31,1
6085,,62,2,2
6086,,176,1,1
6087,,89,2,2
6088,,110,3,2
6089,,50,8,2
6090,,47,14,14
6091,,65,31,1
6092,,11,21,1
6093,,84,31,1
6094,,173,4,1
6095,,17,9,9
6096,,9,28,28
6097,,87,1,1
6098,,100,2,2
6099,,104,1,1
6100,,109,1,1
6101,,116,1,1
6102,,119,1,1
6103,,125,1,1
6104,,130,1,1
6105,,52,7,1
6106,,138,1,1
6107,,140,1,1
6108,,142,1,1
6109,,145,1,1
6110,,149,1,1
6111,,157,1,1
6112,,162,2,1
6113,,164,1,1
6114,,177,1,1
6115,,178,1,1
6116,,179,1,1
6117,,180,1,1
6118,,192,1,1
6119,,194,1,1
6120,,198,1,1
6121,,3,6,6
6122,,10,1,1
6123,,6,10,10
6124,,2,22,22
6125,,100,1,1
6126,,103,1,1
6127,,17,28,28
6128,,105,8,8
6129,,142,1,1
6130,,118,2,2
6131,,25,17,17
6132,,91,5,5
6133,,175,1,1
6134,,24,20,20
6135,,184,1,1
6136,,5,30,30
6137,,45,30,30
6138,,141,27,27
6139,,66,30,30
6140,,46,17,17
6141,,79,28,2
6142,,53,30,30
6143,,113,29,7
6144,,53,29,29
6145,,109,11,9
6146,,139,6,6
6147,,154,5,5
6148,,179,1,1
6149,,185,2,2
6150,,80,19,1
6151,,68,29,29
6152,,23,17,17
6153,,44,29,29
6154,,6,13,13
6155,,11,9,9
6156,,19,2,2
6157,,29,13,13
6158,,110,1,1
6159,,58,2,2
6160,,120,1,1
6161,,64,7,1
6162,,150,1,1
6163,,161,1,1
6164,,162,1,1
6165,,169,1,1
6166,,53,28,28
6167,,76,15,1
6168,,101,15,15
6169,,146,4,2
6170,,59,27,27
6171,,6,28,28
6172,,194,2,1
6173,,58,1,1
6174,,94,1,1
6175,,95,2,2
6176,,137,1,1
6177,,140,1,1
6178,,66,9,9
6179,,93,3,2
6180,,77,12,12
6181,,168,1,1
6182,,182,1,1
6183,,187,2,1
6184,,74,27,27
6185,,45,18,18
6186,,146,3,1
6187,,174,12,12
6188,,100,1,1
6189,,113,1,1
6190,,114,1,1
6191,,94,3,1
6192,,156,1,1
6193,,165,1,1
6194,,182,1,1
6195,,30,26,26
6196,,17,21,21
6197,,22,26,26
6198,,196,1,1
6199,,54,2,2
6200,,73,3,3
6201,,146,2,2
6202,,54,6,6
6203,,82,16,3
6204,,18,11,11
6205,,151,2,1
6206,,23,25,25
6207,,102,7,7
6208,,199,1,1
6209,,101,2,2
6210,,80,22,3
6211,,188,1,1
6212,,136,2,2
6213,,14,14,14
6214,,30,24,24
6215,,29,24,24
6216,,16,24,24
6217,,55,21,2
6218,,187,2,1
6219,,53,24,24
6220,,126,7,7
6221,,167,1,1
6222,,119,8,8
6223,,177,1,1
6224,,87,6,6
6225,,181,1,1
6226,,183,1,1
6227,,16,23,23
6228,,83,7,4
6229,,95,16,16
6230,,118,8,6
6231,,172,5,5
6232,,34,19,1
6233,,119,2,2
6234,,141,1,1
6235,,55,7,7
6236,,75,2,2
6237,,127,10,10
6238,,20,6,6
6239,,128,8,8
6240,,106,2,2
6241,,89,22,22
6242,,75,22,22
6243,,70,22,22
6244,,19,10,10
6245,,97,21,1
6246,,105,1,1
6247,,123,1,1
6248,,127,1,1
6249,,129,1,1
6250,,139,1,1
6251,,18,5,5
6252,,27,5,5
6253,,24,5,5
6254,,190,1,1
6255,,21,5,5
6256,,42,21,21
6257,,182,3,2
6258,,12,11,11
6259,,123,2,1
6260,,156,1,1
6261,,161,1,1
6262,,170,1,1
6263,,179,1,1
6264,,39,4,4
6265,,36,4,4
6266,,21,10,10
6267,,188,1,1
6268,,191,1,1
6269,,22,10,10
6270,,87,9,9
6271,,120,2,1
6272,,42,3,3
6273,,30,3,3
6274,,161,2,1
6275,,166,9,8
6276,,136,2,1
6277,,67,16,16
6278,,36,7,7
6279,,40,17,17
6280,,94,19,19
6281,,89,19,19
6282,,48,17,17
6283,,16,7,7
6284,,28,6,6
6285,,24,18,18
6286,,17,10,10
6287,,53,18,18
6288,,51,18,18
6289,,79,17,17
6290,,36,18,18
6291,,67,18,18
6292,,171,3,1
6293,,62,5,1
6294,,114,11,11
6295,,43,18,18
6296,,103,6,6
6297,,103,14,14
6298,,26,7,7
6299,,37,5,5
6300,,190,1,1
6301,,117,10,10
6302,,194,1,1
6303,,34,5,5
6304,,23,7,7
6305,,35,5,5
6306,,83,1,1
6307,,90,1,1
6308,,95,1,1
6309,,101,1,1
6310,,115,1,1
6311,,123,1,1
6312,,139,1,1
6313,,41,3,3
6314,,153,1,1
6315,,27,4,4
6316,,41,4,4
6317,,38,4,4
6318,,79,16,16
6319,,193,1,1
6320,,110,5,5
6321,,20,6,6
6322,,160,9,9
6323,,66,4,4
6324,,60,16,16
6325,,105,9,9
6326,,32,5,5
6327,,159,8,8
6328,,51,3,3
6329,,130,15,15
6330,,37,5,5
6331,,58,3,3
6332,,124,12,6
6333,,59,3,3
6334,,53,3,3
6335,,121,2,2
6336,,29,15,15
6337,,139,13,1
6338,,78,15,15
6339,,61,3,3
6340,,59,14,1
6341,,29,15,15
6342,,71,2,2
6343,,90,12,12
6344,,62,3,3
6345,,142,10,10
6346,,92,3,3
6347,,33,14,14
6348,,49,13,13
6349,,65,12,12
6350,,108,10,10
6351,,91,13,13
6352,,122,5,5
6353,,66,4,4
6354,,193,1,1
6355,,60,13,13
6356,,150,7,1
6357,,200,1,1
6358,,86,9,9
6359,,54,12,12
6360,,148,1,1
6361,,52,12,12
6362,,93,12,12
6363,,168,3,3
6364,,166,12,12
6365,,177,1,1
6366,,92,12,12
6367,,88,12,12
6368,,122,12,12
6369,,103,12,12
6370,,75,12,12
6371,,130,12,12
6372,,137,12,12
6373,,150,11,11
6374,,93,12,12
6375,,124,12,12
6376,,99,11,1
6377,,157,1,1
6378,,161,2,2
6379,,47,11,11
6380,,129,2,2
6381,,137,4,4
6382,,98,11,11
6383,,160,2,1
6384,,42,5,5
6385,,135,6,1
6386,,156,2,1
6387,,81,11,11
6388,,94,10,1
6389,,88,10,10
6390,,134,5,1
6391,,37,10,10
6392,,174,1,1
6393,,171,2,2
6394,,107,10,10
6395,,160,9,9
6396,,133,10,10
6397,,84,2,2
6398,,75,10,10
6399,,104,9,9
6400,,72,10,10
6401,,143,3,3
6402,,86,10,10
6403,,105,10,10
6404,,147,9,9
6405,,95,1,1
6406,,131,2,2
6407,,115,9,9
6408,,112,9,9
6409,,159,8,8
6410,,73,9,9
6411,,187,1,1
6412,,189,1,1
6413,,115,9,9
6414,,157,9,9
6415,,198,1,1
6416,,193,2,2
6417,,191,2,2
6418,,70,8,8
6419,,101,3,3
6420,,166,3,1
6421,,173,1,1
6422,,104,8,8
6423,,128,7,7
6424,,102,8,8
6425,,88,3,3
6426,,107,8,8
6427,,109,2,2
6428,,198,1,1
6429,,97,8,8
6430,,147,7,1
6431,,98,1,1
6432,,111,1,1
6433,,137,1,1
6434,,159,1,1
6435,,163,1,1
6436,,140,7,7
6437,,175,7,7
6438,,116,2,2
6439,,120,7,7
6440,,192,1,1
6441,,162,3,3
6442,,195,1,1
6443,,136,7,7
6444,,104,7,7
6445,,180,5,5
6446,,76,6,6
6447,,129,6,6
6448,,166,5,5
6449,,161,6,6
6450,,182,1,1
6451,,80,6,6
6452,,193,1,1
6453,,125,6,6
6454,,170,2,2
6455,,139,1,1
6456,,164,1,1
6457,,142,4,4
6458,,103,2,2
6459,,15,5,5
6460,,148,5,5
6461,,120,5,5
6462,,116,5,5
6463,,120,1,1
6464,,144,1,1
6465,,79,4,4
6466,,183,1,1
6467,,121,4,4
6468,,189,1,1
6469,,145,4,4
6470,,196,1,1
6471,,131,4,4
6472,,198,1,1
6473,,168,3,3
6474,,200,1,1
6475,,102,1,1
6476,,145,3,3
6477,,168,1,1
6478,,131,3,3
6479,,162,2,2
6480,,145,3,3
6481,,173,3,3
6482,,167,2,2
6483,,158,2,2
6484,,175,2,2
6485,,160,2,2
6486,,172,3,3
6487,,187,2,2
6488,,178,3,3
6489,,155,1,1
6490,,181,1,1
6491,,183,1,1
6492,,185,1,1
6493,,186,1,1
6494,,189,1,1
6495,,191,1,1
6496,,194,1,1
6497,,196,1,1
6498,,198,1,1
6499,,200,1,1
