TrackID,contentRatingID
1,1
4,1
6,1
7,1
8,1
9,1
10,1
11,1
14,1
16,1
17,1
18,1
21,1
23,1
28,1
30,1
31,1
35,1
36,1
38,1
39,1
42,1
44,1
46,1
48,1
49,1
50,1
51,1
55,1
56,1
57,1
58,1
60,1
61,1
63,1
64,1
65,1
66,1
67,1
69,1
70,1
71,1
72,1
73,1
75,1
80,1
82,1
83,1
85,1
86,1
88,1
90,1
91,1
92,1
93,1
95,1
96,1
98,1
99,1
100,1
101,1
102,1
103,1
106,1
107,1
108,1
109,1
110,1
111,1
112,1
113,1
114,1
115,1
116,1
121,1
123,1
124,1
126,1
127,1
128,1
129,1
131,1
132,1
134,1
136,1
139,1
140,1
142,1
144,1
147,1
148,1
149,1
150,1
152,1
154,1
157,1
158,1
159,1
160,1
161,1
162,1
164,1
166,1
168,1
169,1
170,1
171,1
172,1
175,1
176,1
177,1
178,1
179,1
181,1
182,1
184,1
185,1
187,1
188,1
189,1
190,1
191,1
193,1
194,1
196,1
197,1
198,1
200,1
201,1
203,1
204,1
208,1
209,1
210,1
211,1
212,1
213,1
217,1
223,1
224,1
225,1
227,1
228,1
230,1
231,1
232,1
233,1
235,1
236,1
237,1
238,1
242,1
244,1
245,1
246,1
247,1
248,1
249,1
251,1
254,1
255,1
256,1
257,1
260,1
263,1
264,1
265,1
266,1
267,1
268,1
269,1
271,1
274,1
276,1
284,1
285,1
290,1
292,1
293,1
295,1
299,1
300,1
301,1
302,1
304,1
305,1
306,1
307,1
308,1
309,1
312,1
313,1
314,1
315,1
316,1
317,1
318,1
319,1
320,1
321,1
322,1
323,1
324,1
325,1
326,1
327,1
328,1
329,1
330,1
331,1
332,1
333,1
334,1
335,1
336,1
337,1
338,1
339,1
340,1
341,1
342,1
343,1
344,1
345,1
346,1
347,1
348,1
349,1
350,1
351,1
352,1
353,1
354,1
355,1
356,1
357,1
358,1
359,1
360,1
361,1
362,1
363,1
364,1
365,1
366,1
367,1
368,1
369,1
370,1
371,1
372,1
373,1
374,1
375,1
376,1
377,1
378,1
379,1
380,1
381,1
382,1
383,1
384,1
385,1
386,1
387,1
388,1
389,1
390,1
393,1
394,1
396,1
398,1
399,1
400,1
403,1
404,1
407,1
408,1
409,1
410,1
411,1
412,1
413,1
414,1
415,1
417,1
418,1
420,1
422,1
423,1
425,1
427,1
428,1
431,1
433,1
434,1
440,1
442,1
443,1
444,1
445,1
447,1
448,1
449,1
450,1
451,1
452,1
453,1
455,1
456,1
457,1
458,1
461,1
462,1
464,1
466,1
468,1
470,1
471,1
472,1
473,1
474,1
475,1
476,1
477,1
478,1
479,1
481,1
482,1
484,1
485,1
486,1
494,1
495,1
499,1
514,1
516,1
532,1
534,1
537,1
544,1
547,1
548,1
550,1
551,1
552,1
553,1
554,1
555,1
556,1
557,1
558,1
563,1
564,1
566,1
568,1
571,1
572,1
573,1
574,1
575,1
577,1
579,1
580,1
584,1
585,1
586,1
587,1
588,1
590,1
591,1
592,1
593,1
596,1
598,1
600,1
601,1
602,1
603,1
604,1
607,1
608,1
609,1
611,1
612,1
614,1
615,1
616,1
620,1
622,1
623,1
624,1
625,1
626,1
627,1
631,1
633,1
634,1
635,1
640,1
641,1
642,1
643,1
644,1
646,1
647,1
648,1
650,1
651,1
653,1
654,1
657,1
659,1
660,1
663,1
665,1
666,1
667,1
668,1
671,1
672,1
675,1
677,1
678,1
679,1
682,1
684,1
689,1
690,1
697,1
698,1
700,1
701,1
702,1
703,1
704,1
705,1
707,1
709,1
710,1
711,1
712,1
713,1
714,1
715,1
716,1
717,1
718,1
719,1
721,1
723,1
724,1
725,1
726,1
727,1
728,1
729,1
730,1
731,1
732,1
733,1
734,1
735,1
736,1
737,1
738,1
739,1
740,1
742,1
743,1
753,1
756,1
757,1
758,1
759,1
760,1
761,1
770,1
774,1
776,1
777,1
778,1
779,1
780,1
781,1
787,1
792,1
793,1
794,1
802,1
804,1
805,1
807,1
809,1
812,1
813,1
816,1
817,1
818,1
820,1
826,1
827,1
828,1
829,1
830,1
831,1
832,1
833,1
834,1
835,1
836,1
837,1
838,1
839,1
840,1
844,1
845,1
846,1
847,1
850,1
852,1
853,1
854,1
855,1
857,1
859,1
860,1
861,1
862,1
863,1
867,1
868,1
872,1
873,1
874,1
875,1
877,1
878,1
879,1
880,1
881,1
885,1
888,1
890,1
891,1
892,1
893,1
894,1
895,1
896,1
898,1
899,1
901,1
904,1
905,1
906,1
908,1
909,1
910,1
912,1
913,1
915,1
916,1
917,1
920,1
922,1
923,1
926,1
927,1
931,1
932,1
933,1
937,1
939,1
940,1
941,1
942,1
943,1
946,1
947,1
950,1
951,1
953,1
954,1
960,1
961,1
962,1
963,1
966,1
967,1
968,1
970,1
973,1
975,1
976,1
977,1
978,1
980,1
981,1
983,1
984,1
985,1
986,1
987,1
988,1
990,1
991,1
992,1
993,1
995,1
997,1
998,1
1000,1
1001,1
1003,1
1005,1
1006,1
1007,1
1008,1
1010,1
1013,1
1014,1
1015,1
1016,1
1020,1
1023,1
1024,1
1025,1
1026,1
1027,1
1028,1
1030,1
1032,1
1033,1
1034,1
1035,1
1036,1
1037,1
1038,1
1039,1
1040,1
1041,1
1042,1
1043,1
1045,1
1047,1
1048,1
1051,1
1052,1
1053,1
1054,1
1055,1
1056,1
1057,1
1058,1
1059,1
1060,1
1061,1
1062,1
1063,1
1065,1
1066,1
1067,1
1069,1
1070,1
1074,1
1076,1
1077,1
1078,1
1079,1
1080,1
1083,1
1084,1
1086,1
1087,1
1093,1
1094,1
1097,1
1098,1
1100,1
1101,1
1103,1
1105,1
1106,1
1107,1
1108,1
1109,1
1110,1
1111,1
1115,1
1117,1
1118,1
1119,1
1120,1
1124,1
1131,1
1132,1
1133,1
1135,1
1136,1
1137,1
1138,1
1139,1
1140,1
1141,1
1142,1
1143,1
1144,1
1145,1
1146,1
1147,1
1150,1
1151,1
1152,1
1155,1
1160,1
1164,1
1165,1
1166,1
1168,1
1173,1
1177,1
1186,1
1189,1
1195,1
1197,1
1199,1
1202,1
1204,1
1205,1
1206,1
1207,1
1209,1
1210,1
1211,1
1213,1
1218,1
1219,1
1220,1
1222,1
1224,1
1227,1
1228,1
1230,1
1232,1
1240,1
1241,1
1242,1
1243,1
1246,1
1247,1
1248,1
1249,1
1251,1
1253,1
1254,1
1255,1
1257,1
1260,1
1261,1
1262,1
1263,1
1264,1
1266,1
1268,1
1269,1
1270,1
1271,1
1272,1
1273,1
1277,1
1278,1
1280,1
1283,1
1285,1
1287,1
1290,1
1292,1
1293,1
1294,1
1295,1
1297,1
1298,1
1300,1
1301,1
1302,1
1303,1
1305,1
1306,1
1307,1
1308,1
1309,1
1310,1
1311,1
1312,1
1313,1
1314,1
1315,1
1316,1
1319,1
1320,1
1322,1
1323,1
1324,1
1326,1
1327,1
1328,1
1329,1
1330,1
1333,1
1334,1
1335,1
1336,1
1337,1
1339,1
1340,1
1342,1
1343,1
1345,1
1349,1
1350,1
1352,1
1354,1
1356,1
1357,1
1359,1
1362,1
1363,1
1364,1
1366,1
1369,1
1375,1
1380,1
1381,1
1382,1
1383,1
1384,1
1385,1
1390,1
1391,1
1392,1
1393,1
1394,1
1395,1
1396,1
1397,1
1399,1
1400,1
1402,1
1403,1
1406,1
1407,1
1411,1
1412,1
1414,1
1419,1
1421,1
1426,1
1427,1
1428,1
1429,1
1431,1
1432,1
1434,1
1435,1
1437,1
1438,1
1440,1
1441,1
1442,1
1445,1
1447,1
1448,1
1450,1
1451,1
1452,1
1453,1
1455,1
1456,1
1457,1
1461,1
1470,1
1471,1
1472,1
1473,1
1475,1
1476,1
1477,1
1480,1
1482,1
1483,1
1485,1
1486,1
1487,1
1488,1
1490,1
1491,1
1492,1
1495,1
1496,1
1498,1
1501,1
1502,1
1503,1
1504,1
1505,1
1506,1
1508,1
1509,1
1510,1
1511,1
1512,1
1514,1
1516,1
1517,1
1518,1
1519,1
1520,1
1521,1
1522,1
1523,1
1524,1
1525,1
1526,1
1529,1
1534,1
1535,1
1537,1
1540,1
1542,1
1548,1
1550,1
1551,1
1552,1
1554,1
1556,1
1557,1
1558,1
1559,1
1561,1
1563,1
1566,1
1567,1
1570,1
1572,1
1574,1
1578,1
1588,1
1591,1
1592,1
1593,1
1594,1
1595,1
1598,1
1600,1
1601,1
1608,1
1609,1
1610,1
1611,1
1612,1
1614,1
1617,1
1619,1
1624,1
1626,1
1628,1
1631,1
1632,1
1633,1
1635,1
1636,1
1639,1
1640,1
1641,1
1644,1
1646,1
1648,1
1649,1
1650,1
1652,1
1653,1
1655,1
1658,1
1660,1
1661,1
1662,1
1663,1
1666,1
1670,1
1671,1
1673,1
1675,1
1676,1
1678,1
1681,1
1682,1
1683,1
1684,1
1685,1
1688,1
1692,1
1693,1
1694,1
1695,1
1696,1
1697,1
1698,1
1700,1
1705,1
1707,1
1708,1
1709,1
1711,1
1712,1
1715,1
1717,1
1718,1
1719,1
1724,1
1725,1
1729,1
1731,1
1732,1
1734,1
1736,1
1738,1
1739,1
1740,1
1744,1
1745,1
1746,1
1747,1
1748,1
1750,1
1751,1
1752,1
1753,1
1754,1
1755,1
1756,1
1758,1
1759,1
1761,1
1762,1
1763,1
1764,1
1765,1
1767,1
1768,1
1771,1
1772,1
1773,1
1775,1
1778,1
1779,1
1782,1
1785,1
1786,1
1787,1
1789,1
1790,1
1793,1
1797,1
1800,1
1803,1
1806,1
1808,1
1811,1
1813,1
1814,1
1817,1
1818,1
1820,1
1821,1
1822,1
1823,1
1824,1
1826,1
1827,1
1828,1
1832,1
1834,1
1835,1
1836,1
1837,1
1838,1
1839,1
1841,1
1842,1
1843,1
1844,1
1845,1
1847,1
1848,1
1849,1
1851,1
1854,1
1855,1
1856,1
1858,1
1859,1
1860,1
1861,1
1862,1
1864,1
1866,1
1867,1
1868,1
1870,1
1874,1
1875,1
1876,1
1879,1
1880,1
1881,1
1883,1
1884,1
1885,1
1886,1
1888,1
1889,1
1890,1
1892,1
1893,1
1894,1
1896,1
1897,1
1898,1
1899,1
1900,1
1901,1
1912,1
1913,1
1914,1
1917,1
1918,1
1920,1
1921,1
1923,1
1925,1
1927,1
1931,1
1932,1
1933,1
1934,1
1935,1
1936,1
1938,1
1939,1
1940,1
1941,1
1942,1
1944,1
1945,1
1946,1
1948,1
1949,1
1951,1
1955,1
1957,1
1958,1
1961,1
1962,1
1963,1
1964,1
1966,1
1967,1
1968,1
1969,1
1970,1
1971,1
1972,1
1973,1
1974,1
1975,1
1976,1
1977,1
1978,1
1979,1
1980,1
1981,1
1982,1
1983,1
1984,1
1985,1
1986,1
1987,1
1988,1
1989,1
1990,1
1991,1
1992,1
1993,1
1996,1
1997,1
1999,1
2000,1
2001,1
2002,1
2004,1
2006,1
2008,1
2009,1
2011,1
2012,1
2013,1
2014,1
2015,1
2016,1
2017,1
2018,1
2019,1
2021,1
2022,1
2023,1
2027,1
2028,1
2029,1
2030,1
2031,1
2032,1
2033,1
2034,1
2035,1
2036,1
2037,1
2038,1
2040,1
2041,1
2042,1
2043,1
2044,1
2046,1
2047,1
2050,1
2051,1
2054,1
2055,1
2058,1
2063,1
2064,1
2066,1
2067,1
2069,1
2070,1
2071,1
2072,1
2073,1
2074,1
2075,1
2076,1
2077,1
2078,1
2080,1
2082,1
2083,1
2084,1
2085,1
2086,1
2088,1
2089,1
2091,1
2092,1
2093,1
2094,1
2095,1
2097,1
2098,1
2102,1
2104,1
2107,1
2109,1
2112,1
2113,1
2114,1
2115,1
2116,1
2118,1
2119,1
2121,1
2123,1
2124,1
2126,1
2127,1
2128,1
2129,1
2130,1
2131,1
2133,1
2135,1
2138,1
2139,1
2141,1
2142,1
2144,1
2146,1
2155,1
2161,1
2164,1
2165,1
2166,1
2167,1
2168,1
2170,1
2174,1
2177,1
2179,1
2180,1
2181,1
2182,1
2183,1
2184,1
2185,1
2187,1
2188,1
2189,1
2190,1
2191,1
2192,1
2193,1
2194,1
2195,1
2196,1
2197,1
2198,1
2199,1
2200,1
2201,1
2202,1
2203,1
2204,1
2205,1
2206,1
2207,1
2209,1
2212,1
2214,1
2215,1
2216,1
2217,1
2218,1
2221,1
2222,1
2223,1
2226,1
2228,1
2230,1
2232,1
2233,1
2235,1
2237,1
2239,1
2240,1
2242,1
2244,1
2245,1
2246,1
2247,1
2248,1
2249,1
2250,1
2253,1
2254,1
2255,1
2258,1
2260,1
2264,1
2268,1
2269,1
2271,1
2273,1
2276,1
2277,1
2278,1
2279,1
2283,1
2284,1
2285,1
2286,1
2287,1
2288,1
2289,1
2291,1
2294,1
2295,1
2296,1
2298,1
2299,1
2301,1
2302,1
2305,1
2306,1
2307,1
2312,1
2313,1
2314,1
2320,1
2321,1
2323,1
2324,1
2326,1
2327,1
2331,1
2337,1
2341,1
2346,1
2348,1
2349,1
2352,1
2353,1
2355,1
2356,1
2358,1
2360,1
2362,1
2363,1
2364,1
2366,1
2368,1
2369,1
2370,1
2374,1
2376,1
2380,1
2381,1
2384,1
2385,1
2387,1
2401,1
2405,1
2406,1
2413,1
2414,1
2421,1
2422,1
2423,1
2426,1
2428,1
2429,1
2435,1
2437,1
2442,1
2444,1
2445,1
2446,1
2448,1
2450,1
2452,1
2453,1
2455,1
2460,1
2461,1
2462,1
2465,1
2467,1
2470,1
2471,1
2473,1
2474,1
2477,1
2478,1
2479,1
2480,1
2481,1
2484,1
2485,1
2486,1
2491,1
2492,1
2495,1
2496,1
2506,1
2515,1
2516,1
2519,1
2521,1
2523,1
2525,1
2529,1
2530,1
2531,1
2533,1
2536,1
2539,1
2540,1
2541,1
2542,1
2543,1
2544,1
2545,1
2549,1
2550,1
2553,1
2554,1
2555,1
2556,1
2557,1
2560,1
2566,1
2567,1
2568,1
2570,1
2571,1
2573,1
2574,1
2575,1
2576,1
2577,1
2578,1
2579,1
2581,1
2582,1
2583,1
2584,1
2585,1
2586,1
2587,1
2591,1
2592,1
2593,1
2594,1
2597,1
2598,1
2599,1
2600,1
2601,1
2602,1
2603,1
2605,1
2607,1
2611,1
2612,1
2613,1
2614,1
2615,1
2616,1
2617,1
2619,1
2620,1
2621,1
2622,1
2623,1
2626,1
2627,1
2629,1
2630,1
2631,1
2632,1
2633,1
2634,1
2635,1
2636,1
2637,1
2638,1
2639,1
2640,1
2642,1
2644,1
2649,1
2651,1
2652,1
2653,1
2654,1
2655,1
2658,1
2661,1
2662,1
2665,1
2666,1
2668,1
2669,1
2670,1
2671,1
2672,1
2673,1
2674,1
2675,1
2676,1
2677,1
2681,1
2684,1
2685,1
2688,1
2689,1
2690,1
2691,1
2693,1
2695,1
2696,1
2698,1
2701,1
2702,1
2703,1
2704,1
2706,1
2708,1
2711,1
2712,1
2715,1
2717,1
2718,1
2719,1
2720,1
2721,1
2722,1
2724,1
2727,1
2730,1
2733,1
2734,1
2736,1
2739,1
2740,1
2741,1
2743,1
2749,1
2750,1
2751,1
2754,1
2755,1
2756,1
2757,1
2758,1
2761,1
2762,1
2763,1
2765,1
2767,1
2768,1
2769,1
2770,1
2771,1
2772,1
2774,1
2775,1
2776,1
2777,1
2778,1
2779,1
2781,1
2782,1
2786,1
2787,1
2789,1
2791,1
2792,1
2793,1
2794,1
2795,1
2796,1
2797,1
2798,1
2799,1
2801,1
2804,1
2805,1
2806,1
2807,1
2809,1
2810,1
2818,1
2819,1
2822,1
2824,1
2828,1
2829,1
2833,1
2835,1
2838,1
2839,1
2840,1
2843,1
2844,1
2845,1
2846,1
2847,1
2848,1
2849,1
2850,1
2851,1
2852,1
2853,1
2856,1
2858,1
2859,1
2861,1
2862,1
2863,1
2864,1
2866,1
2867,1
2869,1
2872,1
2874,1
2877,1
2878,1
2880,1
2881,1
2882,1
2885,1
2886,1
2887,1
2888,1
2889,1
2892,1
2894,1
2895,1
2897,1
2901,1
2903,1
2906,1
2907,1
2908,1
2910,1
2911,1
2917,1
2920,1
2922,1
2923,1
2925,1
2926,1
2929,1
2930,1
2932,1
2933,1
2934,1
2935,1
2937,1
2940,1
2941,1
2942,1
2943,1
2946,1
2949,1
2951,1
2952,1
2954,1
2955,1
2956,1
2958,1
2961,1
2962,1
2963,1
2964,1
2966,1
2968,1
2969,1
2970,1
2971,1
2972,1
2975,1
2977,1
2983,1
2988,1
2991,1
2996,1
2997,1
2998,1
2999,1
3003,1
3004,1
3005,1
3007,1
3010,1
3011,1
3028,1
3029,1
3030,1
3031,1
3033,1
3037,1
3040,1
3041,1
3043,1
3044,1
3045,1
3047,1
3053,1
3055,1
3056,1
3057,1
3058,1
3059,1
3062,1
3063,1
3064,1
3065,1
3066,1
3068,1
3069,1
3070,1
3075,1
3079,1
3081,1
3082,1
3083,1
3085,1
3089,1
3090,1
3091,1
3093,1
3095,1
3096,1
3098,1
3102,1
3103,1
3105,1
3106,1
3107,1
3108,1
3109,1
3112,1
3113,1
3114,1
3117,1
3121,1
3122,1
3124,1
3125,1
3133,1
3136,1
3137,1
3139,1
3141,1
3143,1
3144,1
3145,1
3146,1
3147,1
3149,1
3154,1
3158,1
3159,1
3160,1
3166,1
3167,1
3176,1
3183,1
3185,1
3186,1
3188,1
3193,1
3199,1
3201,1
3204,1
3208,1
3223,1
3225,1
3226,1
3227,1
3228,1
3231,1
3234,1
3236,1
3237,1
3240,1
3243,1
3244,1
3245,1
3248,1
3249,1
3250,1
3251,1
3252,1
3253,1
3254,1
3259,1
3264,1
3265,1
3267,1
3268,1
3269,1
3270,1
3271,1
3277,1
3278,1
3280,1
3281,1
3285,1
3286,1
3290,1
3291,1
3293,1
3294,1
3296,1
3298,1
3299,1
3303,1
3305,1
3306,1
3307,1
3308,1
3309,1
3310,1
3311,1
3312,1
3313,1
3314,1
3316,1
3317,1
3318,1
3319,1
3321,1
3325,1
3326,1
3327,1
3328,1
3329,1
3332,1
3334,1
3336,1
3338,1
3341,1
3343,1
3344,1
3346,1
3347,1
3348,1
3349,1
3350,1
3351,1
3352,1
3354,1
3355,1
3360,1
3363,1
3365,1
3366,1
3368,1
3371,1
3372,1
3373,1
3374,1
3376,1
3380,1
3382,1
3383,1
3395,1
3396,1
3397,1
3399,1
3401,1
3402,1
3405,1
3410,1
3412,1
3413,1
3414,1
3415,1
3416,1
3418,1
3419,1
3421,1
3425,1
3426,1
3429,1
3430,1
3432,1
3436,1
3437,1
3438,1
3439,1
3440,1
3442,1
3444,1
3445,1
3446,1
3449,1
3451,1
3455,1
3456,1
3460,1
3464,1
3471,1
3472,1
3473,1
3474,1
3477,1
3478,1
3479,1
3480,1
3483,1
3485,1
3487,1
3488,1
3489,1
3490,1
3494,1
3495,1
3496,1
3497,1
3498,1
3501,1
3504,1
3507,1
3515,1
3516,1
3517,1
3518,1
3521,1
3527,1
3529,1
3530,1
3531,1
3532,1
3541,1
3543,1
3546,1
3552,1
3556,1
3557,1
3560,1
3561,1
3562,1
3564,1
3569,1
3570,1
3573,1
3574,1
3578,1
3580,1
3581,1
3582,1
3584,1
3585,1
3587,1
3588,1
3590,1
3593,1
3594,1
3595,1
3596,1
3597,1
3598,1
3599,1
3600,1
3602,1
3603,1
3604,1
3605,1
3607,1
3608,1
3610,1
3611,1
3613,1
3614,1
3615,1
3619,1
3620,1
3621,1
3622,1
3623,1
3624,1
3625,1
3626,1
3627,1
3628,1
3629,1
3630,1
3631,1
3632,1
3633,1
3634,1
3635,1
3637,1
3638,1
3639,1
3640,1
3641,1
3642,1
3643,1
3644,1
3645,1
3646,1
3647,1
3648,1
3649,1
3651,1
3652,1
3654,1
3657,1
3658,1
3659,1
3662,1
3663,1
3665,1
3666,1
3667,1
3668,1
3671,1
3672,1
3680,1
3681,1
3682,1
3684,1
3685,1
3687,1
3688,1
3689,1
3690,1
3696,1
3702,1
3703,1
3705,1
3706,1
3708,1
3710,1
3711,1
3713,1
3719,1
3721,1
3725,1
3726,1
3727,1
3728,1
3734,1
3736,1
3737,1
3738,1
3740,1
3741,1
3742,1
3743,1
3744,1
3745,1
3746,1
3747,1
3749,1
3751,1
3754,1
3756,1
3758,1
3759,1
3761,1
3762,1
3763,1
3764,1
3771,1
3773,1
3774,1
3775,1
3776,1
3778,1
3781,1
3782,1
3783,1
3785,1
3787,1
3788,1
3789,1
3790,1
3791,1
3792,1
3793,1
3794,1
3795,1
3796,1
3797,1
3798,1
3799,1
3800,1
3801,1
3802,1
3803,1
3804,1
3805,1
3806,1
3807,1
3808,1
3809,1
3811,1
3812,1
3813,1
3814,1
3815,1
3816,1
3817,1
3818,1
3819,1
3823,1
3824,1
3825,1
3826,1
3827,1
3830,1
3832,1
3833,1
3834,1
3838,1
3840,1
3842,1
3845,1
3846,1
3847,1
3849,1
3850,1
3852,1
3853,1
3855,1
3857,1
3866,1
3868,1
3869,1
3870,1
3871,1
3872,1
3874,1
3876,1
3880,1
3881,1
3882,1
3886,1
3888,1
3889,1
3891,1
3893,1
3894,1
3896,1
3898,1
3899,1
3900,1
3901,1
3902,1
3907,1
3908,1
3914,1
3915,1
3918,1
3919,1
3920,1
3921,1
3922,1
3923,1
3925,1
3929,1
3930,1
3931,1
3934,1
3937,1
3938,1
3939,1
3940,1
3941,1
3942,1
3944,1
3948,1
3951,1
3953,1
3955,1
3961,1
3962,1
3963,1
3964,1
3965,1
3966,1
3968,1
3969,1
3970,1
3971,1
3973,1
3974,1
3975,1
3976,1
3978,1
3979,1
3981,1
3984,1
3985,1
3989,1
3990,1
3991,1
3992,1
4000,1
4003,1
4009,1
4014,1
4018,1
4019,1
4020,1
4021,1
4023,1
4025,1
4026,1
4027,1
4030,1
4031,1
4033,1
4034,1
4035,1
4039,1
4040,1
4043,1
4045,1
4046,1
4048,1
4056,1
4061,1
4065,1
4069,1
4071,1
4072,1
4074,1
4075,1
4079,1
4080,1
4081,1
4082,1
4083,1
4084,1
4085,1
4089,1
4091,1
4092,1
4093,1
4099,1
4100,1
4102,1
4103,1
4104,1
4111,1
4112,1
4117,1
4118,1
4119,1
4121,1
4122,1
4123,1
4125,1
4126,1
4127,1
4129,1
4130,1
4133,1
4137,1
4138,1
4141,1
4145,1
4147,1
4148,1
4150,1
4155,1
4156,1
4164,1
4165,1
4167,1
4169,1
4170,1
4171,1
4172,1
4173,1
4174,1
4175,1
4176,1
4177,1
4178,1
4179,1
4181,1
4182,1
4183,1
4184,1
4185,1
4186,1
4187,1
4188,1
4189,1
4191,1
4192,1
4193,1
4194,1
4195,1
4197,1
4199,1
4200,1
4201,1
4202,1
4203,1
4205,1
4206,1
4207,1
4208,1
4209,1
4210,1
4211,1
4213,1
4217,1
4219,1
4220,1
4221,1
4222,1
4223,1
4225,1
4226,1
4228,1
4231,1
4232,1
4240,1
4241,1
4243,1
4244,1
4247,1
4248,1
4249,1
4250,1
4251,1
4252,1
4253,1
4254,1
4255,1
4256,1
4257,1
4260,1
4261,1
4262,1
4269,1
4272,1
4274,1
4277,1
4278,1
4279,1
4280,1
4281,1
4284,1
4287,1
4289,1
4290,1
4292,1
4295,1
4296,1
4298,1
4299,1
4301,1
4302,1
4303,1
4304,1
4306,1
4308,1
4309,1
4311,1
4312,1
4313,1
4314,1
4315,1
4316,1
4317,1
4318,1
4322,1
4323,1
4324,1
4325,1
4326,1
4328,1
4329,1
4332,1
4333,1
4338,1
4339,1
4341,1
4343,1
4345,1
4346,1
4347,1
4349,1
4351,1
4352,1
4353,1
4357,1
4358,1
4361,1
4362,1
4364,1
4365,1
4366,1
4369,1
4373,1
4377,1
4380,1
4382,1
4384,1
4385,1
4386,1
4389,1
4390,1
4392,1
4393,1
4395,1
4397,1
4399,1
4401,1
4402,1
4404,1
4406,1
4407,1
4408,1
4409,1
4410,1
4411,1
4414,1
4417,1
4418,1
4419,1
4420,1
4421,1
4422,1
4423,1
4424,1
4425,1
4427,1
4430,1
4436,1
4438,1
4440,1
4441,1
4442,1
4443,1
4444,1
4446,1
4447,1
4448,1
4449,1
4450,1
4451,1
4452,1
4454,1
4456,1
4460,1
4461,1
4463,1
4464,1
4466,1
4468,1
4469,1
4470,1
4471,1
4472,1
4473,1
4476,1
4477,1
4478,1
4480,1
4481,1
4483,1
4484,1
4485,1
4487,1
4488,1
4489,1
4490,1
4493,1
4495,1
4499,1
4503,1
4504,1
4506,1
4507,1
4508,1
4511,1
4514,1
4515,1
4518,1
4522,1
4523,1
4524,1
4525,1
4526,1
4528,1
4529,1
4530,1
4532,1
4533,1
4534,1
4539,1
4541,1
4544,1
4545,1
4548,1
4552,1
4553,1
4564,1
4566,1
4572,1
4577,1
4580,1
4584,1
4585,1
4587,1
4594,1
4595,1
4597,1
4600,1
4601,1
4602,1
4603,1
4607,1
4610,1
4613,1
4615,1
4617,1
4618,1
4622,1
4623,1
4625,1
4630,1
4632,1
4633,1
4635,1
4637,1
4639,1
4640,1
4641,1
4642,1
4644,1
4645,1
4651,1
4652,1
4654,1
4657,1
4663,1
4665,1
4666,1
4669,1
4670,1
4673,1
4674,1
4675,1
4678,1
4681,1
4683,1
4684,1
4685,1
4688,1
4689,1
4690,1
4691,1
4693,1
4695,1
4696,1
4699,1
4700,1
4703,1
4706,1
4707,1
4708,1
4711,1
4712,1
4713,1
4716,1
4717,1
4718,1
4720,1
4723,1
4725,1
4727,1
4728,1
4729,1
4730,1
4731,1
4732,1
4733,1
4734,1
4735,1
4736,1
4737,1
4738,1
4739,1
4740,1
4741,1
4748,1
4751,1
4755,1
4756,1
4759,1
4762,1
4763,1
4764,1
4766,1
4767,1
4768,1
4771,1
4773,1
4778,1
4785,1
4786,1
4787,1
4788,1
4794,1
4795,1
4796,1
4798,1
4799,1
4801,1
4802,1
4804,1
4806,1
4807,1
4808,1
4810,1
4811,1
4812,1
4813,1
4815,1
4816,1
4818,1
4819,1
4821,1
4822,1
4823,1
4824,1
4825,1
4827,1
4830,1
4833,1
4836,1
4840,1
4845,1
4846,1
4847,1
4849,1
4852,1
4853,1
4854,1
4859,1
4860,1
4862,1
4864,1
4865,1
4867,1
4869,1
4872,1
4874,1
4875,1
4876,1
4877,1
4879,1
4882,1
4883,1
4885,1
4887,1
4889,1
4890,1
4893,1
4896,1
4898,1
4900,1
4901,1
4905,1
4906,1
4908,1
4910,1
4912,1
4915,1
4919,1
4922,1
4924,1
4931,1
4933,1
4934,1
4935,1
4936,1
4937,1
4938,1
4940,1
4941,1
4942,1
4945,1
4946,1
4948,1
4950,1
4951,1
4953,1
4954,1
4959,1
4962,1
4963,1
4964,1
4965,1
4970,1
4972,1
4977,1
4983,1
4985,1
4996,1
4997,1
4999,1
5006,1
5007,1
5008,1
5010,1
5013,1
5014,1
5017,1
5024,1
5026,1
5028,1
5029,1
5031,1
5033,1
5035,1
5038,1
5040,1
5041,1
5042,1
5043,1
5047,1
5050,1
5051,1
5053,1
5056,1
5057,1
5059,1
5060,1
5061,1
5062,1
5063,1
5066,1
5067,1
5071,1
5073,1
5077,1
5079,1
5081,1
5083,1
5084,1
5085,1
5087,1
5090,1
5093,1
5094,1
5095,1
5096,1
5097,1
5105,1
5106,1
5107,1
5108,1
5111,1
5112,1
5113,1
5114,1
5115,1
5116,1
5117,1
5118,1
5120,1
5122,1
5124,1
5132,1
5134,1
5138,1
5140,1
5141,1
5142,1
5144,1
5145,1
5149,1
5150,1
5151,1
5154,1
5155,1
5156,1
5157,1
5160,1
5162,1
5163,1
5164,1
5165,1
5166,1
5168,1
5169,1
5170,1
5171,1
5173,1
5174,1
5175,1
5176,1
5178,1
5180,1
5181,1
5183,1
5185,1
5189,1
5191,1
5192,1
5194,1
5195,1
5196,1
5198,1
5205,1
5207,1
5213,1
5215,1
5219,1
5220,1
5222,1
5227,1
5229,1
5230,1
5231,1
5235,1
5238,1
5240,1
5241,1
5243,1
5246,1
5248,1
5249,1
5250,1
5252,1
5257,1
5258,1
5259,1
5261,1
5262,1
5263,1
5266,1
5267,1
5268,1
5269,1
5270,1
5271,1
5273,1
5277,1
5281,1
5283,1
5284,1
5285,1
5286,1
5289,1
5291,1
5293,1
5294,1
5295,1
5298,1
5299,1
5304,1
5308,1
5314,1
5324,1
5325,1
5326,1
5327,1
5328,1
5331,1
5332,1
5333,1
5334,1
5337,1
5339,1
5344,1
5345,1
5346,1
5348,1
5350,1
5351,1
5352,1
5354,1
5356,1
5359,1
5360,1
5361,1
5362,1
5363,1
5364,1
5365,1
5369,1
5370,1
5371,1
5373,1
5374,1
5375,1
5376,1
5377,1
5378,1
5379,1
5380,1
5381,1
5382,1
5383,1
5385,1
5386,1
5387,1
5388,1
5389,1
5392,1
5393,1
5394,1
5396,1
5399,1
5400,1
5401,1
5402,1
5403,1
5404,1
5406,1
5409,1
5410,1
5413,1
5414,1
5417,1
5418,1
5419,1
5421,1
5423,1
5424,1
5425,1
5428,1
5429,1
5430,1
5433,1
5434,1
5435,1
5436,1
5438,1
5439,1
5441,1
5442,1
5443,1
5444,1
5448,1
5449,1
5450,1
5451,1
5453,1
5455,1
5462,1
5465,1
5467,1
5468,1
5473,1
5474,1
5475,1
5476,1
5477,1
5480,1
5482,1
5483,1
5485,1
5486,1
5487,1
5488,1
5489,1
5490,1
5491,1
5493,1
5495,1
5496,1
5498,1
5500,1
5504,1
5505,1
5507,1
5510,1
5512,1
5516,1
5517,1
5521,1
5522,1
5523,1
5525,1
5526,1
5527,1
5528,1
5529,1
5531,1
5535,1
5537,1
5540,1
5542,1
5543,1
5544,1
5545,1
5547,1
5554,1
5559,1
5564,1
5565,1
5566,1
5567,1
5568,1
5570,1
5571,1
5573,1
5574,1
5575,1
5576,1
5583,1
5586,1
5589,1
5590,1
5591,1
5595,1
5596,1
5598,1
5600,1
5602,1
5607,1
5609,1
5612,1
5615,1
5616,1
5617,1
5618,1
5619,1
5620,1
5621,1
5622,1
5623,1
5628,1
5631,1
5634,1
5636,1
5639,1
5641,1
5642,1
5646,1
5649,1
5650,1
5651,1
5653,1
5654,1
5656,1
5657,1
5658,1
5660,1
5661,1
5666,1
5669,1
5670,1
5671,1
5673,1
5674,1
5675,1
5677,1
5678,1
5679,1
5680,1
5681,1
5684,1
5685,1
5686,1
5690,1
5691,1
5693,1
5695,1
5696,1
5697,1
5700,1
5702,1
5707,1
5710,1
5714,1
5715,1
5718,1
5721,1
5725,1
5726,1
5727,1
5728,1
5729,1
5730,1
5732,1
5736,1
5737,1
5738,1
5739,1
5740,1
5741,1
5742,1
5745,1
5746,1
5748,1
5749,1
5750,1
5751,1
5752,1
5753,1
5755,1
5756,1
5757,1
5758,1
5760,1
5761,1
5766,1
5767,1
5769,1
5771,1
5773,1
5774,1
5775,1
5776,1
5777,1
5778,1
5779,1
5780,1
5781,1
5782,1
5783,1
5784,1
5785,1
5786,1
5787,1
5790,1
5792,1
5793,1
5794,1
5797,1
5798,1
5799,1
5809,1
5817,1
5820,1
5821,1
5823,1
5826,1
5830,1
5831,1
5832,1
5833,1
5837,1
5838,1
5839,1
5840,1
5841,1
5842,1
5843,1
5849,1
5850,1
5851,1
5854,1
5855,1
5858,1
5859,1
5860,1
5863,1
5864,1
5866,1
5869,1
5870,1
5871,1
5873,1
5874,1
5875,1
5877,1
5878,1
5880,1
5882,1
5883,1
5884,1
5887,1
5889,1
5890,1
5891,1
5892,1
5893,1
5894,1
5897,1
5898,1
5899,1
5902,1
5903,1
5904,1
5905,1
5908,1
5909,1
5912,1
5913,1
5914,1
5915,1
5916,1
5917,1
5918,1
5919,1
5921,1
5922,1
5923,1
5926,1
5927,1
5930,1
5931,1
5932,1
5933,1
5934,1
5938,1
5942,1
5943,1
5946,1
5947,1
5948,1
5949,1
5950,1
5952,1
5955,1
5956,1
5957,1
5958,1
5961,1
5963,1
5964,1
5965,1
5966,1
5967,1
5968,1
5970,1
5973,1
5976,1
5979,1
5980,1
5981,1
5983,1
5984,1
5985,1
5986,1
5987,1
5988,1
5989,1
5992,1
5993,1
5997,1
6000,1
6001,1
6002,1
6004,1
6006,1
6007,1
6008,1
6010,1
6013,1
6014,1
6015,1
6018,1
6019,1
6020,1
6022,1
6026,1
6027,1
6032,1
6035,1
6038,1
6039,1
6040,1
6041,1
6044,1
6045,1
6047,1
6048,1
6050,1
6051,1
6052,1
6053,1
6054,1
6055,1
6056,1
6058,1
6059,1
6060,1
6062,1
6063,1
6065,1
6066,1
6068,1
6069,1
6070,1
6071,1
6072,1
6073,1
6074,1
6075,1
6076,1
6077,1
6079,1
6080,1
6081,1
6082,1
6084,1
6085,1
6086,1
6087,1
6088,1
6089,1
6090,1
6091,1
6094,1
6095,1
6096,1
6097,1
6098,1
6100,1
6101,1
6102,1
6103,1
6105,1
6108,1
6109,1
6110,1
6111,1
6114,1
6115,1
6116,1
6117,1
6118,1
6119,1
6121,1
6123,1
6126,1
6129,1
6131,1
6132,1
6133,1
6135,1
6136,1
6137,1
6138,1
6139,1
6140,1
6141,1
6142,1
6145,1
6150,1
6151,1
6152,1
6161,1
6162,1
6163,1
6165,1
6167,1
6169,1
6170,1
6171,1
6172,1
6176,1
6177,1
6179,1
6182,1
6184,1
6185,1
6186,1
6188,1
6190,1
6192,1
6197,1
6198,1
6201,1
6203,1
6204,1
6205,1
6206,1
6208,1
6210,1
6211,1
6212,1
6213,1
6214,1
6217,1
6218,1
6219,1
6222,1
6224,1
6226,1
6227,1
6228,1
6231,1
6232,1
6234,1
6235,1
6236,1
6239,1
6240,1
6241,1
6242,1
6243,1
6244,1
6245,1
6249,1
6253,1
6261,1
6264,1
6266,1
6270,1
6271,1
6272,1
6275,1
6280,1
6281,1
6282,1
6283,1
6284,1
6285,1
6287,1
6289,1
6292,1
6293,1
6296,1
6298,1
6299,1
6302,1
6303,1
6304,1
6305,1
6306,1
6307,1
6309,1
6311,1
6315,1
6316,1
6320,1
6321,1
6322,1
6324,1
6325,1
6327,1
6328,1
6330,1
6331,1
6332,1
6336,1
6337,1
6338,1
6342,1
6343,1
6344,1
6345,1
6347,1
6352,1
6353,1
6354,1
6355,1
6356,1
6358,1
6360,1
6361,1
6364,1
6367,1
6368,1
6369,1
6370,1
6371,1
6372,1
6373,1
6376,1
6377,1
6378,1
6380,1
6381,1
6382,1
6383,1
6385,1
6386,1
6387,1
6389,1
6390,1
6391,1
6393,1
6394,1
6395,1
6396,1
6398,1
6399,1
6402,1
6403,1
6405,1
6406,1
6408,1
6411,1
6412,1
6413,1
6415,1
6419,1
6420,1
6423,1
6425,1
6431,1
6436,1
6437,1
6438,1
6442,1
6443,1
6446,1
6448,1
6450,1
6451,1
6452,1
6453,1
6454,1
6455,1
6458,1
6459,1
6461,1
6462,1
6463,1
6466,1
6467,1
6468,1
6469,1
6470,1
6471,1
6472,1
6475,1
6477,1
6478,1
6480,1
6481,1
6482,1
6483,1
6486,1
6487,1
6488,1
6489,1
6490,1
6491,1
6494,1
2,2
3,2
5,2
12,2
13,2
15,2
19,2
20,2
22,2
24,2
25,2
26,2
27,2
29,2
32,2
33,2
34,2
37,2
40,2
41,2
43,2
45,2
47,2
52,2
53,2
54,2
59,2
62,2
68,2
74,2
76,2
77,2
78,2
79,2
81,2
84,2
87,2
89,2
94,2
97,2
104,2
105,2
117,2
118,2
119,2
120,2
122,2
125,2
130,2
133,2
135,2
137,2
138,2
141,2
143,2
145,2
146,2
151,2
153,2
155,2
156,2
163,2
165,2
167,2
173,2
174,2
180,2
183,2
186,2
192,2
195,2
199,2
202,2
205,2
206,2
207,2
214,2
215,2
216,2
218,2
219,2
220,2
221,2
222,2
226,2
229,2
234,2
239,2
240,2
241,2
243,2
250,2
252,2
253,2
258,2
259,2
261,2
262,2
270,2
272,2
273,2
275,2
277,2
278,2
279,2
280,2
281,2
282,2
283,2
286,2
287,2
288,2
289,2
291,2
294,2
296,2
297,2
298,2
303,2
310,2
311,2
391,2
392,2
395,2
397,2
401,2
402,2
405,2
406,2
416,2
419,2
421,2
424,2
426,2
429,2
430,2
432,2
435,2
436,2
437,2
438,2
439,2
441,2
446,2
454,2
459,2
460,2
463,2
465,2
467,2
469,2
480,2
483,2
487,2
488,2
489,2
490,2
491,2
492,2
493,2
496,2
497,2
498,2
500,2
501,2
502,2
503,2
504,2
505,2
506,2
507,2
508,2
509,2
510,2
511,2
512,2
513,2
515,2
517,2
518,2
519,2
520,2
521,2
522,2
523,2
524,2
525,2
526,2
527,2
528,2
529,2
530,2
531,2
533,2
535,2
536,2
538,2
539,2
540,2
541,2
542,2
543,2
545,2
546,2
549,2
559,2
560,2
561,2
562,2
565,2
567,2
569,2
570,2
576,2
578,2
581,2
582,2
583,2
589,2
594,2
595,2
597,2
599,2
605,2
606,2
610,2
613,2
617,2
618,2
619,2
621,2
628,2
629,2
630,2
632,2
636,2
637,2
638,2
639,2
645,2
649,2
652,2
655,2
656,2
658,2
661,2
662,2
664,2
669,2
670,2
673,2
674,2
676,2
680,2
681,2
683,2
685,2
686,2
687,2
688,2
691,2
692,2
693,2
694,2
695,2
696,2
699,2
706,2
708,2
720,2
722,2
741,2
744,2
745,2
746,2
747,2
748,2
749,2
750,2
751,2
752,2
754,2
755,2
762,2
763,2
764,2
765,2
766,2
767,2
768,2
769,2
771,2
772,2
773,2
775,2
782,2
783,2
784,2
785,2
786,2
788,2
789,2
790,2
791,2
795,2
796,2
797,2
798,2
799,2
800,2
801,2
803,2
806,2
808,2
810,2
811,2
814,2
815,2
819,2
821,2
822,2
823,2
824,2
825,2
841,2
842,2
843,2
848,2
849,2
851,2
856,2
858,2
864,2
865,2
866,2
869,2
870,2
871,2
876,2
882,2
883,2
884,2
886,2
887,2
889,2
897,2
900,2
902,2
903,2
907,2
911,2
914,2
918,2
919,2
921,2
924,2
925,2
928,2
929,2
930,2
934,2
935,2
936,2
938,2
944,2
945,2
948,2
949,2
952,2
955,2
956,2
957,2
958,2
959,2
964,2
965,2
969,2
971,2
972,2
974,2
979,2
982,2
989,2
994,2
996,2
999,2
1002,2
1004,2
1009,2
1011,2
1012,2
1017,2
1018,2
1019,2
1021,2
1022,2
1029,2
1031,2
1044,2
1046,2
1049,2
1050,2
1064,2
1068,2
1071,2
1072,2
1073,2
1075,2
1081,2
1082,2
1085,2
1088,2
1089,2
1090,2
1091,2
1092,2
1095,2
1096,2
1099,2
1102,2
1104,2
1112,2
1113,2
1114,2
1116,2
1121,2
1122,2
1123,2
1125,2
1126,2
1127,2
1128,2
1129,2
1130,2
1134,2
1148,2
1149,2
1153,2
1154,2
1156,2
1157,2
1158,2
1159,2
1161,2
1162,2
1163,2
1167,2
1169,2
1170,2
1171,2
1172,2
1174,2
1175,2
1176,2
1178,2
1179,2
1180,2
1181,2
1182,2
1183,2
1184,2
1185,2
1187,2
1188,2
1190,2
1191,2
1192,2
1193,2
1194,2
1196,2
1198,2
1200,2
1201,2
1203,2
1208,2
1212,2
1214,2
1215,2
1216,2
1217,2
1221,2
1223,2
1225,2
1226,2
1229,2
1231,2
1233,2
1234,2
1235,2
1236,2
1237,2
1238,2
1239,2
1244,2
1245,2
1250,2
1252,2
1256,2
1258,2
1259,2
1265,2
1267,2
1274,2
1275,2
1276,2
1279,2
1281,2
1282,2
1284,2
1286,2
1288,2
1289,2
1291,2
1296,2
1299,2
1304,2
1317,2
1318,2
1321,2
1325,2
1331,2
1332,2
1338,2
1341,2
1344,2
1346,2
1347,2
1348,2
1351,2
1353,2
1355,2
1358,2
1360,2
1361,2
1365,2
1367,2
1368,2
1370,2
1371,2
1372,2
1373,2
1374,2
1376,2
1377,2
1378,2
1379,2
1386,2
1387,2
1388,2
1389,2
1398,2
1401,2
1404,2
1405,2
1408,2
1409,2
1410,2
1413,2
1415,2
1416,2
1417,2
1418,2
1420,2
1422,2
1423,2
1424,2
1425,2
1430,2
1433,2
1436,2
1439,2
1443,2
1444,2
1446,2
1449,2
1454,2
1458,2
1459,2
1460,2
1462,2
1463,2
1464,2
1465,2
1466,2
1467,2
1468,2
1469,2
1474,2
1478,2
1479,2
1481,2
1484,2
1489,2
1493,2
1494,2
1497,2
1499,2
1500,2
1507,2
1513,2
1515,2
1527,2
1528,2
1530,2
1531,2
1532,2
1533,2
1536,2
1538,2
1539,2
1541,2
1543,2
1544,2
1545,2
1546,2
1547,2
1549,2
1553,2
1555,2
1560,2
1562,2
1564,2
1565,2
1568,2
1569,2
1571,2
1573,2
1575,2
1576,2
1577,2
1579,2
1580,2
1581,2
1582,2
1583,2
1584,2
1585,2
1586,2
1587,2
1589,2
1590,2
1596,2
1597,2
1599,2
1602,2
1603,2
1604,2
1605,2
1606,2
1607,2
1613,2
1615,2
1616,2
1618,2
1620,2
1621,2
1622,2
1623,2
1625,2
1627,2
1629,2
1630,2
1634,2
1637,2
1638,2
1642,2
1643,2
1645,2
1647,2
1651,2
1654,2
1656,2
1657,2
1659,2
1664,2
1665,2
1667,2
1668,2
1669,2
1672,2
1674,2
1677,2
1679,2
1680,2
1686,2
1687,2
1689,2
1690,2
1691,2
1699,2
1701,2
1702,2
1703,2
1704,2
1706,2
1710,2
1713,2
1714,2
1716,2
1720,2
1721,2
1722,2
1723,2
1726,2
1727,2
1728,2
1730,2
1733,2
1735,2
1737,2
1741,2
1742,2
1743,2
1749,2
1757,2
1760,2
1766,2
1769,2
1770,2
1774,2
1776,2
1777,2
1780,2
1781,2
1783,2
1784,2
1788,2
1791,2
1792,2
1794,2
1795,2
1796,2
1798,2
1799,2
1801,2
1802,2
1804,2
1805,2
1807,2
1809,2
1810,2
1812,2
1815,2
1816,2
1819,2
1825,2
1829,2
1830,2
1831,2
1833,2
1840,2
1846,2
1850,2
1852,2
1853,2
1857,2
1863,2
1865,2
1869,2
1871,2
1872,2
1873,2
1877,2
1878,2
1882,2
1887,2
1891,2
1895,2
1902,2
1903,2
1904,2
1905,2
1906,2
1907,2
1908,2
1909,2
1910,2
1911,2
1915,2
1916,2
1919,2
1922,2
1924,2
1926,2
1928,2
1929,2
1930,2
1937,2
1943,2
1947,2
1950,2
1952,2
1953,2
1954,2
1956,2
1959,2
1960,2
1965,2
1994,2
1995,2
1998,2
2003,2
2005,2
2007,2
2010,2
2020,2
2024,2
2025,2
2026,2
2039,2
2045,2
2048,2
2049,2
2052,2
2053,2
2056,2
2057,2
2059,2
2060,2
2061,2
2062,2
2065,2
2068,2
2079,2
2081,2
2087,2
2090,2
2096,2
2099,2
2100,2
2101,2
2103,2
2105,2
2106,2
2108,2
2110,2
2111,2
2117,2
2120,2
2122,2
2125,2
2132,2
2134,2
2136,2
2137,2
2140,2
2143,2
2145,2
2147,2
2148,2
2149,2
2150,2
2151,2
2152,2
2153,2
2154,2
2156,2
2157,2
2158,2
2159,2
2160,2
2162,2
2163,2
2169,2
2171,2
2172,2
2173,2
2175,2
2176,2
2178,2
2186,2
2208,2
2210,2
2211,2
2213,2
2219,2
2220,2
2224,2
2225,2
2227,2
2229,2
2231,2
2234,2
2236,2
2238,2
2241,2
2243,2
2251,2
2252,2
2256,2
2257,2
2259,2
2261,2
2262,2
2263,2
2265,2
2266,2
2267,2
2270,2
2272,2
2274,2
2275,2
2280,2
2281,2
2282,2
2290,2
2292,2
2293,2
2297,2
2300,2
2303,2
2304,2
2308,2
2309,2
2310,2
2311,2
2315,2
2316,2
2317,2
2318,2
2319,2
2322,2
2325,2
2328,2
2329,2
2330,2
2332,2
2333,2
2334,2
2335,2
2336,2
2338,2
2339,2
2340,2
2342,2
2343,2
2344,2
2345,2
2347,2
2350,2
2351,2
2354,2
2357,2
2359,2
2361,2
2365,2
2367,2
2371,2
2372,2
2373,2
2375,2
2377,2
2378,2
2379,2
2382,2
2383,2
2386,2
2388,2
2389,2
2390,2
2391,2
2392,2
2393,2
2394,2
2395,2
2396,2
2397,2
2398,2
2399,2
2400,2
2402,2
2403,2
2404,2
2407,2
2408,2
2409,2
2410,2
2411,2
2412,2
2415,2
2416,2
2417,2
2418,2
2419,2
2420,2
2424,2
2425,2
2427,2
2430,2
2431,2
2432,2
2433,2
2434,2
2436,2
2438,2
2439,2
2440,2
2441,2
2443,2
2447,2
2449,2
2451,2
2454,2
2456,2
2457,2
2458,2
2459,2
2463,2
2464,2
2466,2
2468,2
2469,2
2472,2
2475,2
2476,2
2482,2
2483,2
2487,2
2488,2
2489,2
2490,2
2493,2
2494,2
2497,2
2498,2
2499,2
2500,2
2501,2
2502,2
2503,2
2504,2
2505,2
2507,2
2508,2
2509,2
2510,2
2511,2
2512,2
2513,2
2514,2
2517,2
2518,2
2520,2
2522,2
2524,2
2526,2
2527,2
2528,2
2532,2
2534,2
2535,2
2537,2
2538,2
2546,2
2547,2
2548,2
2551,2
2552,2
2558,2
2559,2
2561,2
2562,2
2563,2
2564,2
2565,2
2569,2
2572,2
2580,2
2588,2
2589,2
2590,2
2595,2
2596,2
2604,2
2606,2
2608,2
2609,2
2610,2
2618,2
2624,2
2625,2
2628,2
2641,2
2643,2
2645,2
2646,2
2647,2
2648,2
2650,2
2656,2
2657,2
2659,2
2660,2
2663,2
2664,2
2667,2
2678,2
2679,2
2680,2
2682,2
2683,2
2686,2
2687,2
2692,2
2694,2
2697,2
2699,2
2700,2
2705,2
2707,2
2709,2
2710,2
2713,2
2714,2
2716,2
2723,2
2725,2
2726,2
2728,2
2729,2
2731,2
2732,2
2735,2
2737,2
2738,2
2742,2
2744,2
2745,2
2746,2
2747,2
2748,2
2752,2
2753,2
2759,2
2760,2
2764,2
2766,2
2773,2
2780,2
2783,2
2784,2
2785,2
2788,2
2790,2
2800,2
2802,2
2803,2
2808,2
2811,2
2812,2
2813,2
2814,2
2815,2
2816,2
2817,2
2820,2
2821,2
2823,2
2825,2
2826,2
2827,2
2830,2
2831,2
2832,2
2834,2
2836,2
2837,2
2841,2
2842,2
2854,2
2855,2
2857,2
2860,2
2865,2
2868,2
2870,2
2871,2
2873,2
2875,2
2876,2
2879,2
2883,2
2884,2
2890,2
2891,2
2893,2
2896,2
2898,2
2899,2
2900,2
2902,2
2904,2
2905,2
2909,2
2912,2
2913,2
2914,2
2915,2
2916,2
2918,2
2919,2
2921,2
2924,2
2927,2
2928,2
2931,2
2936,2
2938,2
2939,2
2944,2
2945,2
2947,2
2948,2
2950,2
2953,2
2957,2
2959,2
2960,2
2965,2
2967,2
2973,2
2974,2
2976,2
2978,2
2979,2
2980,2
2981,2
2982,2
2984,2
2985,2
2986,2
2987,2
2989,2
2990,2
2992,2
2993,2
2994,2
2995,2
3000,2
3001,2
3002,2
3006,2
3008,2
3009,2
3012,2
3013,2
3014,2
3015,2
3016,2
3017,2
3018,2
3019,2
3020,2
3021,2
3022,2
3023,2
3024,2
3025,2
3026,2
3027,2
3032,2
3034,2
3035,2
3036,2
3038,2
3039,2
3042,2
3046,2
3048,2
3049,2
3050,2
3051,2
3052,2
3054,2
3060,2
3061,2
3067,2
3071,2
3072,2
3073,2
3074,2
3076,2
3077,2
3078,2
3080,2
3084,2
3086,2
3087,2
3088,2
3092,2
3094,2
3097,2
3099,2
3100,2
3101,2
3104,2
3110,2
3111,2
3115,2
3116,2
3118,2
3119,2
3120,2
3123,2
3126,2
3127,2
3128,2
3129,2
3130,2
3131,2
3132,2
3134,2
3135,2
3138,2
3140,2
3142,2
3148,2
3150,2
3151,2
3152,2
3153,2
3155,2
3156,2
3157,2
3161,2
3162,2
3163,2
3164,2
3165,2
3168,2
3169,2
3170,2
3171,2
3172,2
3173,2
3174,2
3175,2
3177,2
3178,2
3179,2
3180,2
3181,2
3182,2
3184,2
3187,2
3189,2
3190,2
3191,2
3192,2
3194,2
3195,2
3196,2
3197,2
3198,2
3200,2
3202,2
3203,2
3205,2
3206,2
3207,2
3209,2
3210,2
3211,2
3212,2
3213,2
3214,2
3215,2
3216,2
3217,2
3218,2
3219,2
3220,2
3221,2
3222,2
3224,2
3229,2
3230,2
3232,2
3233,2
3235,2
3238,2
3239,2
3241,2
3242,2
3246,2
3247,2
3255,2
3256,2
3257,2
3258,2
3260,2
3261,2
3262,2
3263,2
3266,2
3272,2
3273,2
3274,2
3275,2
3276,2
3279,2
3282,2
3283,2
3284,2
3287,2
3288,2
3289,2
3292,2
3295,2
3297,2
3300,2
3301,2
3302,2
3304,2
3315,2
3320,2
3322,2
3323,2
3324,2
3330,2
3331,2
3333,2
3335,2
3337,2
3339,2
3340,2
3342,2
3345,2
3353,2
3356,2
3357,2
3358,2
3359,2
3361,2
3362,2
3364,2
3367,2
3369,2
3370,2
3375,2
3377,2
3378,2
3379,2
3381,2
3384,2
3385,2
3386,2
3387,2
3388,2
3389,2
3390,2
3391,2
3392,2
3393,2
3394,2
3398,2
3400,2
3403,2
3404,2
3406,2
3407,2
3408,2
3409,2
3411,2
3417,2
3420,2
3422,2
3423,2
3424,2
3427,2
3428,2
3431,2
3433,2
3434,2
3435,2
3441,2
3443,2
3447,2
3448,2
3450,2
3452,2
3453,2
3454,2
3457,2
3458,2
3459,2
3461,2
3462,2
3463,2
3465,2
3466,2
3467,2
3468,2
3469,2
3470,2
3475,2
3476,2
3481,2
3482,2
3484,2
3486,2
3491,2
3492,2
3493,2
3499,2
3500,2
3502,2
3503,2
3505,2
3506,2
3508,2
3509,2
3510,2
3511,2
3512,2
3513,2
3514,2
3519,2
3520,2
3522,2
3523,2
3524,2
3525,2
3526,2
3528,2
3533,2
3534,2
3535,2
3536,2
3537,2
3538,2
3539,2
3540,2
3542,2
3544,2
3545,2
3547,2
3548,2
3549,2
3550,2
3551,2
3553,2
3554,2
3555,2
3558,2
3559,2
3563,2
3565,2
3566,2
3567,2
3568,2
3571,2
3572,2
3575,2
3576,2
3577,2
3579,2
3583,2
3586,2
3589,2
3591,2
3592,2
3601,2
3606,2
3609,2
3612,2
3616,2
3617,2
3618,2
3636,2
3650,2
3653,2
3655,2
3656,2
3660,2
3661,2
3664,2
3669,2
3670,2
3673,2
3674,2
3675,2
3676,2
3677,2
3678,2
3679,2
3683,2
3686,2
3691,2
3692,2
3693,2
3694,2
3695,2
3697,2
3698,2
3699,2
3700,2
3701,2
3704,2
3707,2
3709,2
3712,2
3714,2
3715,2
3716,2
3717,2
3718,2
3720,2
3722,2
3723,2
3724,2
3729,2
3730,2
3731,2
3732,2
3733,2
3735,2
3739,2
3748,2
3750,2
3752,2
3753,2
3755,2
3757,2
3760,2
3765,2
3766,2
3767,2
3768,2
3769,2
3770,2
3772,2
3777,2
3779,2
3780,2
3784,2
3786,2
3810,2
3820,2
3821,2
3822,2
3828,2
3829,2
3831,2
3835,2
3836,2
3837,2
3839,2
3841,2
3843,2
3844,2
3848,2
3851,2
3854,2
3856,2
3858,2
3859,2
3860,2
3861,2
3862,2
3863,2
3864,2
3865,2
3867,2
3873,2
3875,2
3877,2
3878,2
3879,2
3883,2
3884,2
3885,2
3887,2
3890,2
3892,2
3895,2
3897,2
3903,2
3904,2
3905,2
3906,2
3909,2
3910,2
3911,2
3912,2
3913,2
3916,2
3917,2
3924,2
3926,2
3927,2
3928,2
3932,2
3933,2
3935,2
3936,2
3943,2
3945,2
3946,2
3947,2
3949,2
3950,2
3952,2
3954,2
3956,2
3957,2
3958,2
3959,2
3960,2
3967,2
3972,2
3977,2
3980,2
3982,2
3983,2
3986,2
3987,2
3988,2
3993,2
3994,2
3995,2
3996,2
3997,2
3998,2
3999,2
4001,2
4002,2
4004,2
4005,2
4006,2
4007,2
4008,2
4010,2
4011,2
4012,2
4013,2
4015,2
4016,2
4017,2
4022,2
4024,2
4028,2
4029,2
4032,2
4036,2
4037,2
4038,2
4041,2
4042,2
4044,2
4047,2
4049,2
4050,2
4051,2
4052,2
4053,2
4054,2
4055,2
4057,2
4058,2
4059,2
4060,2
4062,2
4063,2
4064,2
4066,2
4067,2
4068,2
4070,2
4073,2
4076,2
4077,2
4078,2
4086,2
4087,2
4088,2
4090,2
4094,2
4095,2
4096,2
4097,2
4098,2
4101,2
4105,2
4106,2
4107,2
4108,2
4109,2
4110,2
4113,2
4114,2
4115,2
4116,2
4120,2
4124,2
4128,2
4131,2
4132,2
4134,2
4135,2
4136,2
4139,2
4140,2
4142,2
4143,2
4144,2
4146,2
4149,2
4151,2
4152,2
4153,2
4154,2
4157,2
4158,2
4159,2
4160,2
4161,2
4162,2
4163,2
4166,2
4168,2
4180,2
4190,2
4196,2
4198,2
4204,2
4212,2
4214,2
4215,2
4216,2
4218,2
4224,2
4227,2
4229,2
4230,2
4233,2
4234,2
4235,2
4236,2
4237,2
4238,2
4239,2
4242,2
4245,2
4246,2
4258,2
4259,2
4263,2
4264,2
4265,2
4266,2
4267,2
4268,2
4270,2
4271,2
4273,2
4275,2
4276,2
4282,2
4283,2
4285,2
4286,2
4288,2
4291,2
4293,2
4294,2
4297,2
4300,2
4305,2
4307,2
4310,2
4319,2
4320,2
4321,2
4327,2
4330,2
4331,2
4334,2
4335,2
4336,2
4337,2
4340,2
4342,2
4344,2
4348,2
4350,2
4354,2
4355,2
4356,2
4359,2
4360,2
4363,2
4367,2
4368,2
4370,2
4371,2
4372,2
4374,2
4375,2
4376,2
4378,2
4379,2
4381,2
4383,2
4387,2
4388,2
4391,2
4394,2
4396,2
4398,2
4400,2
4403,2
4405,2
4412,2
4413,2
4415,2
4416,2
4426,2
4428,2
4429,2
4431,2
4432,2
4433,2
4434,2
4435,2
4437,2
4439,2
4445,2
4453,2
4455,2
4457,2
4458,2
4459,2
4462,2
4465,2
4467,2
4474,2
4475,2
4479,2
4482,2
4486,2
4491,2
4492,2
4494,2
4496,2
4497,2
4498,2
4500,2
4501,2
4502,2
4505,2
4509,2
4510,2
4512,2
4513,2
4516,2
4517,2
4519,2
4520,2
4521,2
4527,2
4531,2
4535,2
4536,2
4537,2
4538,2
4540,2
4542,2
4543,2
4546,2
4547,2
4549,2
4550,2
4551,2
4554,2
4555,2
4556,2
4557,2
4558,2
4559,2
4560,2
4561,2
4562,2
4563,2
4565,2
4567,2
4568,2
4569,2
4570,2
4571,2
4573,2
4574,2
4575,2
4576,2
4578,2
4579,2
4581,2
4582,2
4583,2
4586,2
4588,2
4589,2
4590,2
4591,2
4592,2
4593,2
4596,2
4598,2
4599,2
4604,2
4605,2
4606,2
4608,2
4609,2
4611,2
4612,2
4614,2
4616,2
4619,2
4620,2
4621,2
4624,2
4626,2
4627,2
4628,2
4629,2
4631,2
4634,2
4636,2
4638,2
4643,2
4646,2
4647,2
4648,2
4649,2
4650,2
4653,2
4655,2
4656,2
4658,2
4659,2
4660,2
4661,2
4662,2
4664,2
4667,2
4668,2
4671,2
4672,2
4676,2
4677,2
4679,2
4680,2
4682,2
4686,2
4687,2
4692,2
4694,2
4697,2
4698,2
4701,2
4702,2
4704,2
4705,2
4709,2
4710,2
4714,2
4715,2
4719,2
4721,2
4722,2
4724,2
4726,2
4742,2
4743,2
4744,2
4745,2
4746,2
4747,2
4749,2
4750,2
4752,2
4753,2
4754,2
4757,2
4758,2
4760,2
4761,2
4765,2
4769,2
4770,2
4772,2
4774,2
4775,2
4776,2
4777,2
4779,2
4780,2
4781,2
4782,2
4783,2
4784,2
4789,2
4790,2
4791,2
4792,2
4793,2
4797,2
4800,2
4803,2
4805,2
4809,2
4814,2
4817,2
4820,2
4826,2
4828,2
4829,2
4831,2
4832,2
4834,2
4835,2
4837,2
4838,2
4839,2
4841,2
4842,2
4843,2
4844,2
4848,2
4850,2
4851,2
4855,2
4856,2
4857,2
4858,2
4861,2
4863,2
4866,2
4868,2
4870,2
4871,2
4873,2
4878,2
4880,2
4881,2
4884,2
4886,2
4888,2
4891,2
4892,2
4894,2
4895,2
4897,2
4899,2
4902,2
4903,2
4904,2
4907,2
4909,2
4911,2
4913,2
4914,2
4916,2
4917,2
4918,2
4920,2
4921,2
4923,2
4925,2
4926,2
4927,2
4928,2
4929,2
4930,2
4932,2
4939,2
4943,2
4944,2
4947,2
4949,2
4952,2
4955,2
4956,2
4957,2
4958,2
4960,2
4961,2
4966,2
4967,2
4968,2
4969,2
4971,2
4973,2
4974,2
4975,2
4976,2
4978,2
4979,2
4980,2
4981,2
4982,2
4984,2
4986,2
4987,2
4988,2
4989,2
4990,2
4991,2
4992,2
4993,2
4994,2
4995,2
4998,2
5000,2
5001,2
5002,2
5003,2
5004,2
5005,2
5009,2
5011,2
5012,2
5015,2
5016,2
5018,2
5019,2
5020,2
5021,2
5022,2
5023,2
5025,2
5027,2
5030,2
5032,2
5034,2
5036,2
5037,2
5039,2
5044,2
5045,2
5046,2
5048,2
5049,2
5052,2
5054,2
5055,2
5058,2
5064,2
5065,2
5068,2
5069,2
5070,2
5072,2
5074,2
5075,2
5076,2
5078,2
5080,2
5082,2
5086,2
5088,2
5089,2
5091,2
5092,2
5098,2
5099,2
5100,2
5101,2
5102,2
5103,2
5104,2
5109,2
5110,2
5119,2
5121,2
5123,2
5125,2
5126,2
5127,2
5128,2
5129,2
5130,2
5131,2
5133,2
5135,2
5136,2
5137,2
5139,2
5143,2
5146,2
5147,2
5148,2
5152,2
5153,2
5158,2
5159,2
5161,2
5167,2
5172,2
5177,2
5179,2
5182,2
5184,2
5186,2
5187,2
5188,2
5190,2
5193,2
5197,2
5199,2
5200,2
5201,2
5202,2
5203,2
5204,2
5206,2
5208,2
5209,2
5210,2
5211,2
5212,2
5214,2
5216,2
5217,2
5218,2
5221,2
5223,2
5224,2
5225,2
5226,2
5228,2
5232,2
5233,2
5234,2
5236,2
5237,2
5239,2
5242,2
5244,2
5245,2
5247,2
5251,2
5253,2
5254,2
5255,2
5256,2
5260,2
5264,2
5265,2
5272,2
5274,2
5275,2
5276,2
5278,2
5279,2
5280,2
5282,2
5287,2
5288,2
5290,2
5292,2
5296,2
5297,2
5300,2
5301,2
5302,2
5303,2
5305,2
5306,2
5307,2
5309,2
5310,2
5311,2
5312,2
5313,2
5315,2
5316,2
5317,2
5318,2
5319,2
5320,2
5321,2
5322,2
5323,2
5329,2
5330,2
5335,2
5336,2
5338,2
5340,2
5341,2
5342,2
5343,2
5347,2
5349,2
5353,2
5355,2
5357,2
5358,2
5366,2
5367,2
5368,2
5372,2
5384,2
5390,2
5391,2
5395,2
5397,2
5398,2
5405,2
5407,2
5408,2
5411,2
5412,2
5415,2
5416,2
5420,2
5422,2
5426,2
5427,2
5431,2
5432,2
5437,2
5440,2
5445,2
5446,2
5447,2
5452,2
5454,2
5456,2
5457,2
5458,2
5459,2
5460,2
5461,2
5463,2
5464,2
5466,2
5469,2
5470,2
5471,2
5472,2
5478,2
5479,2
5481,2
5484,2
5492,2
5494,2
5497,2
5499,2
5501,2
5502,2
5503,2
5506,2
5508,2
5509,2
5511,2
5513,2
5514,2
5515,2
5518,2
5519,2
5520,2
5524,2
5530,2
5532,2
5533,2
5534,2
5536,2
5538,2
5539,2
5541,2
5546,2
5548,2
5549,2
5550,2
5551,2
5552,2
5553,2
5555,2
5556,2
5557,2
5558,2
5560,2
5561,2
5562,2
5563,2
5569,2
5572,2
5577,2
5578,2
5579,2
5580,2
5581,2
5582,2
5584,2
5585,2
5587,2
5588,2
5592,2
5593,2
5594,2
5597,2
5599,2
5601,2
5603,2
5604,2
5605,2
5606,2
5608,2
5610,2
5611,2
5613,2
5614,2
5624,2
5625,2
5626,2
5627,2
5629,2
5630,2
5632,2
5633,2
5635,2
5637,2
5638,2
5640,2
5643,2
5644,2
5645,2
5647,2
5648,2
5652,2
5655,2
5659,2
5662,2
5663,2
5664,2
5665,2
5667,2
5668,2
5672,2
5676,2
5682,2
5683,2
5687,2
5688,2
5689,2
5692,2
5694,2
5698,2
5699,2
5701,2
5703,2
5704,2
5705,2
5706,2
5708,2
5709,2
5711,2
5712,2
5713,2
5716,2
5717,2
5719,2
5720,2
5722,2
5723,2
5724,2
5731,2
5733,2
5734,2
5735,2
5743,2
5744,2
5747,2
5754,2
5759,2
5762,2
5763,2
5764,2
5765,2
5768,2
5770,2
5772,2
5788,2
5789,2
5791,2
5795,2
5796,2
5800,2
5801,2
5802,2
5803,2
5804,2
5805,2
5806,2
5807,2
5808,2
5810,2
5811,2
5812,2
5813,2
5814,2
5815,2
5816,2
5818,2
5819,2
5822,2
5824,2
5825,2
5827,2
5828,2
5829,2
5834,2
5835,2
5836,2
5844,2
5845,2
5846,2
5847,2
5848,2
5852,2
5853,2
5856,2
5857,2
5861,2
5862,2
5865,2
5867,2
5868,2
5872,2
5876,2
5879,2
5881,2
5885,2
5886,2
5888,2
5895,2
5896,2
5900,2
5901,2
5906,2
5907,2
5910,2
5911,2
5920,2
5924,2
5925,2
5928,2
5929,2
5935,2
5936,2
5937,2
5939,2
5940,2
5941,2
5944,2
5945,2
5951,2
5953,2
5954,2
5959,2
5960,2
5962,2
5969,2
5971,2
5972,2
5974,2
5975,2
5977,2
5978,2
5982,2
5990,2
5991,2
5994,2
5995,2
5996,2
5998,2
5999,2
6003,2
6005,2
6009,2
6011,2
6012,2
6016,2
6017,2
6021,2
6023,2
6024,2
6025,2
6028,2
6029,2
6030,2
6031,2
6033,2
6034,2
6036,2
6037,2
6042,2
6043,2
6046,2
6049,2
6057,2
6061,2
6064,2
6067,2
6078,2
6083,2
6092,2
6093,2
6099,2
6104,2
6106,2
6107,2
6112,2
6113,2
6120,2
6122,2
6124,2
6125,2
6127,2
6128,2
6130,2
6134,2
6143,2
6144,2
6146,2
6147,2
6148,2
6149,2
6153,2
6154,2
6155,2
6156,2
6157,2
6158,2
6159,2
6160,2
6164,2
6166,2
6168,2
6173,2
6174,2
6175,2
6178,2
6180,2
6181,2
6183,2
6187,2
6189,2
6191,2
6193,2
6194,2
6195,2
6196,2
6199,2
6200,2
6202,2
6207,2
6209,2
6215,2
6216,2
6220,2
6221,2
6223,2
6225,2
6229,2
6230,2
6233,2
6237,2
6238,2
6246,2
6247,2
6248,2
6250,2
6251,2
6252,2
6254,2
6255,2
6256,2
6257,2
6258,2
6259,2
6260,2
6262,2
6263,2
6265,2
6267,2
6268,2
6269,2
6273,2
6274,2
6276,2
6277,2
6278,2
6279,2
6286,2
6288,2
6290,2
6291,2
6294,2
6295,2
6297,2
6300,2
6301,2
6308,2
6310,2
6312,2
6313,2
6314,2
6317,2
6318,2
6319,2
6323,2
6326,2
6329,2
6333,2
6334,2
6335,2
6339,2
6340,2
6341,2
6346,2
6348,2
6349,2
6350,2
6351,2
6357,2
6359,2
6362,2
6363,2
6365,2
6366,2
6374,2
6375,2
6379,2
6384,2
6388,2
6392,2
6397,2
6400,2
6401,2
6404,2
6407,2
6409,2
6410,2
6414,2
6416,2
6417,2
6418,2
6421,2
6422,2
6424,2
6426,2
6427,2
6428,2
6429,2
6430,2
6432,2
6433,2
6434,2
6435,2
6439,2
6440,2
6441,2
6444,2
6445,2
6447,2
6449,2
6456,2
6457,2
6460,2
6464,2
6465,2
6473,2
6474,2
6476,2
6479,2
6484,2
6485,2
6492,2
6493,2
